strategy,building,damage,victims_known,sensors,vision,lidar,robots,comm_range,seed,victims,victims_detectable,victims_buried_deep,victims_thin_cover,found,found_thin_cover,recall,recall_detectable,confirmed_reports,repeated_reports,precision,false_alarms,false_alarms_warm,false_alarms_lookalike,too_hot_dropped,flagged_unconfirmed,localization_error_m,time_first_victim,time_50pct_victims,time_all_victims,time_all_detectable,reported,time_all_reported,goal_overlap,time_90pct_coverage,coverage,time_90pct_mapped,mapped,bumps,mission_time,distance_m,redundancy,verify_trips,reports,map_syncs
random,office,moderate,False,both,cnn,True,4,0.0,200,10,10,0,0,8,0,0.8,0.8,10,2,0.8,2,0,2,0,0,0.5021828277955277,3,101,,,8,,0.11517681728880157,,0.6237037037037036,,0.6666666666666666,0,900,1822.5085000000063,3.5973871733966747,53,1066,1113
random,office,moderate,False,both,thermal,True,4,0.0,200,10,10,0,0,8,0,0.8,0.8,12,2,0.6666666666666666,4,1,1,0,0,0.6000872243637623,3,91,,,8,,0.10917151565530618,,0.6474074074074074,,0.6851851851851852,0,900,1834.768900000005,3.6132723112128144,69,1299,1102
random,office,moderate,False,both,fusion,True,4,0.0,200,10,10,0,0,9,0,0.9,0.9,11,3,0.8181818181818182,2,2,0,0,0,0.5557777733378774,3,197,,,9,,0.08514851485148515,,0.8333333333333334,,0.8911111111111111,0,900,1821.5381000000057,3.534222222222222,58,1091,1419
random,office,moderate,False,both,ideal,True,4,0.0,200,10,10,0,0,8,0,0.8,0.8,8,0,1.0,0,0,0,0,0,0.01582827545411753,3,61,,,8,,0.09908536585365854,,0.7659259259259259,,0.8585185185185186,0,900,1878.1268000000075,3.3471953578336557,4,1973,1130
random,office,moderate,False,both,cnn,True,4,0.0,201,10,9,1,0,5,0,0.5,0.5555555555555556,8,0,0.625,3,2,0,0,0,0.44941712904852266,16,310,,,5,,0.10398766248072262,,0.6425304878048781,,0.7065548780487805,0,900,1867.9759000000079,3.4519572953736657,36,1083,1068
random,office,moderate,False,both,thermal,True,4,0.0,201,10,9,1,0,4,0,0.4,0.4444444444444444,7,1,0.5714285714285714,3,2,0,0,0,0.4008219106832163,12,,,,5,,0.11041314327132158,,0.6036585365853658,,0.6592987804878049,0,900,1847.0114000000074,3.460858585858586,54,1482,995
random,office,moderate,False,both,fusion,True,4,0.0,201,10,9,1,0,6,0,0.6,0.6666666666666666,11,4,0.5454545454545454,5,1,0,0,0,0.6428295087567127,15,680,,,8,,0.09526033154331076,775,0.916920731707317,711,0.9672256097560976,1,900,1857.8546000000067,3.3890274314214466,45,1177,1257
random,office,moderate,False,both,ideal,True,4,0.0,201,10,9,1,0,8,0,0.8,0.8888888888888888,8,0,1.0,0,0,0,0,0,0.019009193407753408,13,156,,,8,,0.08630835621812476,,0.8574695121951219,874,0.9344512195121951,1,900,1862.1120000000078,2.951111111111111,8,2259,1220
random,office,moderate,False,both,cnn,True,4,0.0,202,10,9,1,2,5,0,0.5,0.5555555555555556,6,1,0.8333333333333334,1,0,0,0,1,0.6450064613107372,4,136,,,6,,0.08818011257035648,,0.5843960990247562,,0.6331582895723931,2,900,1845.1238000000076,3.5661103979460846,45,1083,920
random,office,moderate,False,both,thermal,True,4,0.0,202,10,9,1,2,7,1,0.7,0.7777777777777778,8,2,0.75,2,1,0,0,1,0.6298855255174861,5,35,,,7,,0.11064826868003125,,0.7441860465116279,,0.8102025506376594,0,900,1827.910800000007,3.375,53,1378,1172
random,office,moderate,False,both,fusion,True,4,0.0,202,10,9,1,2,6,1,0.6,0.6666666666666666,8,3,0.75,2,1,0,0,1,0.6380049983723454,6,48,,,6,,0.10354077253218884,,0.708927231807952,,0.8012003000750187,1,900,1887.9522000000084,3.15978835978836,62,1261,1009
random,office,moderate,False,both,ideal,True,4,0.0,202,10,9,1,2,8,2,0.8,0.8888888888888888,8,0,1.0,0,0,0,0,0,0.02016169559761777,6,24,,,8,,0.045059608001616486,,0.8319579894973743,882,0.9024756189047262,0,900,1863.1623000000056,3.229936880072137,14,2296,1155
random,office,moderate,False,both,cnn,True,4,0.0,203,10,9,1,0,5,0,0.5,0.5555555555555556,7,1,0.7142857142857143,2,1,0,0,0,0.40711801105495227,10,900,,,5,,0.1024040684234859,,0.6726618705035972,,0.720863309352518,0,900,1908.3131000000092,3.495187165775401,41,1006,1070
random,office,moderate,False,both,thermal,True,4,0.0,203,10,9,1,0,9,0,0.9,1.0,13,2,0.6923076923076923,4,2,1,0,0,0.4244407777525389,8,418,,820,9,,0.08594815825375171,,0.8719424460431655,730,0.9402877697841726,0,900,1865.9374000000062,3.3465346534653464,66,1187,1249
random,office,moderate,False,both,fusion,True,4,0.0,203,10,9,1,0,4,0,0.4,0.4444444444444444,7,1,0.5714285714285714,3,2,0,2,0,0.4470411680291814,12,,,,4,,0.08115752828546562,,0.6194244604316547,,0.6467625899280576,1,900,1933.77460000001,3.6445993031358883,36,1190,858
random,office,moderate,False,both,ideal,True,4,0.0,203,10,9,1,0,7,0,0.7,0.7777777777777778,7,0,1.0,0,0,0,0,1,0.013408811884681304,19,544,,,7,,0.10164251207729469,,0.862589928057554,889,0.9302158273381295,2,900,1883.7214000000074,3.145954962468724,4,1407,1367
random,apartments,moderate,False,both,cnn,True,4,0.0,200,10,10,0,0,9,0,0.9,0.9,11,4,0.8181818181818182,2,0,2,0,0,0.5648574496064332,76,444,,,9,,0.2110020661157025,743,0.9536474164133738,717,0.9627659574468085,0,900,1794.4375000000068,3.0358565737051793,57,518,1419
random,apartments,moderate,False,both,thermal,True,4,0.0,200,10,10,0,0,5,0,0.5,0.5,7,0,0.7142857142857143,2,0,1,0,2,0.46527648135397587,145,748,,,5,,0.08980733374766936,,0.682370820668693,,0.7241641337386018,0,900,1843.2866000000067,2.9599109131403116,74,294,985
random,apartments,moderate,False,both,fusion,True,4,0.0,200,10,10,0,0,7,0,0.7,0.7,8,0,0.875,1,0,1,0,0,0.5675111342896374,145,462,,,7,,0.09726027397260274,,0.6702127659574468,,0.7135258358662614,0,900,1852.2777000000074,3.2777777777777777,54,326,987
random,apartments,moderate,False,both,ideal,True,4,0.0,200,10,10,0,0,9,0,0.9,0.9,9,0,1.0,0,0,0,0,1,0.033009826670194836,83,437,,,9,,0.10500308832612724,,0.8487841945288754,,0.8791793313069909,0,900,1826.3014000000067,2.973142345568487,15,625,1186
random,apartments,moderate,False,both,cnn,True,4,0.0,201,10,9,1,0,5,0,0.5,0.5555555555555556,7,1,0.7142857142857143,2,1,1,0,1,0.7682175875739141,17,515,,,5,,0.1260245901639344,,0.8340943683409436,,0.8614916286149162,0,900,1807.5233000000053,3.2864963503649633,52,633,1095
random,apartments,moderate,False,both,thermal,True,4,0.0,201,10,9,1,0,5,0,0.5,0.5555555555555556,7,1,0.5714285714285714,3,2,0,0,0,0.5714727907877806,8,657,,,5,,0.11191758370405057,,0.7427701674277016,,0.7831050228310502,0,900,1794.919800000004,3.3288934426229506,43,1102,1054
random,apartments,moderate,False,both,fusion,True,4,0.0,201,10,9,1,0,6,0,0.6,0.6666666666666666,9,3,0.6666666666666666,3,2,0,0,0,0.6464385648229429,8,739,,,6,,0.13375508359692725,,0.8896499238964992,804,0.9178082191780822,0,900,1805.3192000000058,3.1240376390076987,35,848,1158
random,apartments,moderate,False,both,ideal,True,4,0.0,201,10,9,1,0,4,0,0.4,0.4444444444444444,4,0,1.0,0,0,0,0,0,0.013761317288502018,7,,,,4,,0.11149097815764482,,0.7572298325722984,,0.7990867579908676,0,900,1841.0115000000048,3.516582914572864,1,1495,1050
random,apartments,moderate,False,both,cnn,True,4,0.0,202,10,9,1,2,6,0,0.6,0.6666666666666666,8,1,0.75,2,1,1,0,0,0.600250949598537,25,616,,,6,,0.18517527428418518,,0.8296751536435469,,0.8533801580333626,1,900,1754.4169000000043,3.2264550264550262,55,338,1025
random,apartments,moderate,False,both,thermal,True,4,0.0,202,10,9,1,2,6,0,0.6,0.6666666666666666,8,1,0.75,2,1,0,0,2,0.6405599322186522,47,703,,,6,,0.09045226130653267,,0.8077260755048288,,0.8533801580333626,0,900,1774.6536000000037,3.110869565217391,34,507,992
random,apartments,moderate,False,both,fusion,True,4,0.0,202,10,9,1,2,6,0,0.6,0.6666666666666666,8,2,0.625,3,2,0,0,2,0.5420887365019242,11,643,,,6,,0.11349036402569593,,0.8375768217734855,,0.8709394205443372,0,900,1757.4731000000045,3.2148846960167714,43,511,970
random,apartments,moderate,False,both,ideal,True,4,0.0,202,10,9,1,2,7,1,0.7,0.7777777777777778,7,0,1.0,0,0,0,0,1,0.01572991293779123,16,477,,,7,,0.13099817776877912,,0.8437225636523266,,0.8656716417910447,0,900,1788.9613000000038,3.2164412070759627,10,1420,1147
random,apartments,moderate,False,both,cnn,True,4,0.0,203,10,9,1,0,7,0,0.7,0.7777777777777778,8,0,0.875,1,0,1,0,1,0.5843736381500485,11,420,,,7,,0.12993734677199673,,0.7682926829268293,,0.8094512195121951,0,900,1723.8074000000033,3.1746031746031744,69,601,1107
random,apartments,moderate,False,both,thermal,True,4,0.0,203,10,9,1,0,7,0,0.7,0.7777777777777778,8,1,0.875,1,0,0,0,0,0.6525732173179988,7,356,,,7,,0.11273885350318472,,0.7332317073170732,,0.788109756097561,0,900,1784.511500000005,3.2047817047817047,22,432,1029
random,apartments,moderate,False,both,fusion,True,4,0.0,203,10,9,1,0,7,0,0.7,0.7777777777777778,7,2,1.0,0,0,0,0,1,0.4651409942258874,10,263,,,7,,0.11923820038642009,,0.6951219512195121,,0.7370426829268293,0,900,1761.014500000004,3.1973684210526314,56,409,1036
random,apartments,moderate,False,both,ideal,True,4,0.0,203,10,9,1,0,8,0,0.8,0.8888888888888888,8,0,1.0,0,0,0,0,0,0.033434226356702304,8,246,,,8,,0.10709963695038321,,0.7774390243902439,,0.8079268292682927,0,900,1795.408000000004,3.172549019607843,10,1051,1054
random,hospital,moderate,False,both,cnn,True,4,0.0,200,6,6,0,0,5,0,0.8333333333333334,0.8333333333333334,6,0,0.8333333333333334,1,1,0,0,0,0.7784819713439394,14,41,,,5,,0.3388773388773389,47,1.0,33,1.0,0,116,197.95559999999998,2.949771689497717,8,157,236
random,hospital,moderate,False,both,thermal,True,4,0.0,200,6,6,0,0,6,0,1.0,1.0,7,0,0.8571428571428571,1,1,0,0,0,0.6157833745604621,37,54,89,89,6,89,0.4397590361445783,149,1.0,19,1.0,0,320,563.8164999999998,3.7260273972602738,39,420,269
random,hospital,moderate,False,both,fusion,True,4,0.0,200,6,6,0,0,6,0,1.0,1.0,7,0,0.8571428571428571,1,1,0,0,0,0.6581565769931136,10,30,88,88,6,88,0.4928977272727273,121,1.0,16,1.0,0,165,273.09759999999994,3.5525114155251143,6,222,270
random,hospital,moderate,False,both,ideal,True,4,0.0,200,6,6,0,0,6,0,1.0,1.0,6,0,1.0,0,0,0,0,0,0.020727427750683407,10,19,59,59,6,59,0.41781874039938555,101,1.0,16,1.0,0,143,248.85499999999996,3.538812785388128,6,461,256
random,hospital,moderate,False,both,cnn,True,4,0.0,201,10,9,1,0,8,0,0.8,0.8888888888888888,13,0,0.6153846153846154,5,1,4,0,0,0.5878238768629083,19,283,,,8,,0.11292517006802721,,0.8773314203730272,857,0.960545193687231,0,900,1829.2807000000066,3.4358135731807034,96,845,1105
random,hospital,moderate,False,both,thermal,True,4,0.0,201,10,9,1,0,9,0,0.9,1.0,12,0,0.75,3,2,1,0,0,0.5099374649312309,30,393,,836,9,,0.11488250652741515,664,0.96987087517934,634,0.996413199426112,1,900,1855.2304000000072,3.5562130177514795,49,518,1379
random,hospital,moderate,False,both,fusion,True,4,0.0,201,10,9,1,0,8,0,0.8,0.8888888888888888,10,0,0.8,2,1,1,0,0,0.5532740073877396,18,242,,,8,,0.11525828605553896,,0.8536585365853658,,0.8945480631276901,0,900,1830.6979000000058,3.5243697478991596,74,531,1077
random,hospital,moderate,False,both,ideal,True,4,0.0,201,10,9,1,0,9,0,0.9,1.0,9,0,1.0,0,0,0,0,0,0.01866666748768385,16,283,,648,9,,0.19136227888812313,556,1.0,453,1.0,0,803,1606.6180000000043,3.438307030129125,9,699,1244
random,hospital,moderate,False,both,cnn,True,4,0.0,202,10,9,1,2,6,0,0.6,0.6666666666666666,12,1,0.5,6,3,1,0,1,0.6554987919225441,63,540,,,6,,0.12670093740550348,768,0.9175324675324675,759,0.9305194805194805,0,900,1830.4878000000067,3.6447275300778483,79,669,1370
random,hospital,moderate,False,both,thermal,True,4,0.0,202,10,9,1,2,8,2,0.8,0.8888888888888888,12,2,0.6666666666666666,4,2,0,0,0,0.6096692770256804,54,285,,,8,,0.12790697674418605,740,0.9246753246753247,696,0.9311688311688312,0,900,1838.3458000000064,3.570926966292135,73,714,1336
random,hospital,moderate,False,both,fusion,True,4,0.0,202,10,9,1,2,7,2,0.7,0.7777777777777778,11,3,0.6363636363636364,4,2,1,1,1,0.6881902827381493,36,240,,,7,,0.10783783783783783,891,0.9162337662337663,792,0.974025974025974,0,900,1845.4701000000057,3.4946846208362863,63,712,1240
random,hospital,moderate,False,both,ideal,True,4,0.0,202,10,9,1,2,9,2,0.9,1.0,9,0,1.0,0,0,0,0,0,0.020309310091325933,59,194,,876,9,,0.11860940695296524,581,0.9915584415584415,564,0.9987012987012988,0,900,1865.452300000005,3.607072691552063,14,1013,1498
random,hospital,moderate,False,both,cnn,True,4,0.0,203,10,9,1,0,9,0,0.9,1.0,13,1,0.6923076923076923,4,2,2,0,0,0.7761097030068456,80,199,,627,9,,0.08971668415529906,460,0.9550994227068633,326,0.9826812059012188,0,900,1815.058800000005,3.4338482202820684,64,752,1252
random,hospital,moderate,False,both,thermal,True,4,0.0,203,10,9,1,0,8,0,0.8,0.8888888888888888,10,5,0.8,2,2,0,0,0,0.7056107018121344,64,105,,,8,,0.05158202605689976,602,0.927517639512508,299,0.9756254008980115,0,900,1839.9878000000058,3.495159059474412,57,1077,1202
random,hospital,moderate,False,both,fusion,True,4,0.0,203,10,9,1,0,9,0,0.9,1.0,11,3,0.7272727272727273,3,2,0,0,0,0.7168703480071972,53,266,,663,9,,0.08351280210576693,,0.8960872354073124,296,0.9486850545221296,0,900,1870.9907000000069,3.609162491052255,37,1019,1123
random,hospital,moderate,False,both,ideal,True,4,0.0,203,10,9,1,0,9,0,0.9,1.0,9,0,1.0,0,0,0,0,0,0.026235829702077797,57,204,,720,9,,0.07527301092043681,583,0.9788325849903784,514,0.9935856318152662,0,900,1875.8724000000057,3.6559633027522938,7,1388,1350
random,school,moderate,False,both,cnn,True,4,0.0,200,10,10,0,0,8,0,0.8,0.8,11,1,0.7272727272727273,3,2,1,0,0,0.5760577225702469,8,573,,,8,,0.11246943765281174,848,0.9441233140655106,817,0.9826589595375722,0,900,1868.7096000000088,3.295238095238095,50,559,1399
random,school,moderate,False,both,thermal,True,4,0.0,200,10,10,0,0,9,0,0.9,0.9,13,1,0.6923076923076923,4,3,0,0,1,0.5017161818950597,8,483,,,9,,0.1141157382368848,816,0.9479768786127167,533,0.9871547848426461,0,900,1838.4049000000064,3.3705962059620598,69,859,1353
random,school,moderate,False,both,fusion,True,4,0.0,200,10,10,0,0,10,0,1.0,1.0,13,1,0.7692307692307693,3,3,0,0,0,0.4665183252935988,8,436,601,601,10,601,0.10329305851693911,597,0.9762363519588954,468,0.9929351316634554,1,900,1887.964000000009,3.406578947368421,46,872,1476
random,school,moderate,False,both,ideal,True,4,0.0,200,10,10,0,0,10,0,1.0,1.0,10,0,1.0,0,0,0,0,0,0.023596443276859724,13,353,837,837,10,837,0.10883377741340439,580,0.9666024405908799,421,0.9916506101477199,0,900,1866.1061000000068,3.4212624584717606,16,1129,1397
random,school,moderate,False,both,cnn,True,4,0.0,201,10,9,1,0,8,0,0.8,0.8888888888888888,11,2,0.7272727272727273,3,1,1,0,0,0.5986744674402744,40,609,,,8,,0.10751417769376181,,0.8665377176015474,713,0.9542230818826564,0,900,1850.103100000007,3.0,39,1002,1350
random,school,moderate,False,both,thermal,True,4,0.0,201,10,9,1,0,6,0,0.6,0.6666666666666666,12,0,0.5,6,0,1,0,2,0.4875406516510952,41,638,,,7,,0.12015988008993254,,0.8994197292069632,667,0.9774339136041263,0,900,1823.9818000000064,3.1663082437275984,50,1058,1251
random,school,moderate,False,both,fusion,True,4,0.0,201,10,9,1,0,7,0,0.7,0.7777777777777778,11,1,0.6363636363636364,4,0,0,0,2,0.5381603488015705,24,719,,,7,,0.1335512491244455,,0.8891038039974211,841,0.9787234042553191,0,900,1833.9996000000058,3.129804205946338,46,1046,1433
random,school,moderate,False,both,ideal,True,4,0.0,201,10,9,1,0,5,0,0.5,0.5555555555555556,5,0,1.0,0,0,0,0,3,0.014592779823466042,21,811,,,5,,0.11952344350499616,,0.8323662153449387,834,0.9696969696969697,0,900,1852.3339000000065,3.068938807126259,4,1897,1173
random,school,moderate,False,both,cnn,True,4,0.0,202,10,9,1,2,5,0,0.5,0.5555555555555556,10,1,0.5,5,2,3,0,1,0.44287705273657146,53,299,,,5,,0.06540084388185655,,0.815196394075982,611,0.9259497746297489,1,900,1845.7038000000052,3.1674565560821484,44,865,1151
random,school,moderate,False,both,thermal,True,4,0.0,202,10,9,1,2,6,1,0.6,0.6666666666666666,13,1,0.46153846153846156,7,3,0,2,1,0.5103612145929577,78,439,,,7,,0.0694588969823101,,0.8280746941403735,745,0.9652285898261429,0,900,1819.2689000000048,3.099533437013997,55,1089,1193
random,school,moderate,False,both,fusion,True,4,0.0,202,10,9,1,2,7,1,0.7,0.7777777777777778,12,1,0.5833333333333334,5,2,1,0,0,0.6141338531027951,107,382,,,7,,0.06918093475242944,,0.8866709594333548,390,0.9826142949130715,0,900,1844.7955000000059,3.270152505446623,36,821,1387
random,school,moderate,False,both,ideal,True,4,0.0,202,10,9,1,2,8,1,0.8,0.8888888888888888,8,0,1.0,0,0,0,0,0,0.019346129511815555,70,368,,,8,,0.07100213219616204,870,0.9066323245331617,600,0.9800386349001932,0,900,1852.5174000000063,3.315340909090909,21,1157,1320
random,school,moderate,False,both,cnn,True,4,0.0,203,10,9,1,0,2,0,0.2,0.2222222222222222,4,1,0.5,2,1,1,0,0,0.15830391213118378,19,,,,2,,0.09437345886572518,,0.6350318471337579,,0.6904458598726114,0,900,1811.9227000000071,3.3390170511534603,32,880,1054
random,school,moderate,False,both,thermal,True,4,0.0,203,10,9,1,0,2,0,0.2,0.2222222222222222,3,1,0.6666666666666666,1,1,0,0,1,0.9193531060582165,11,,,,2,,0.10474308300395258,,0.6426751592356688,,0.7114649681528662,0,900,1794.1535000000063,3.2616451932606543,10,791,970
random,school,moderate,False,both,fusion,True,4,0.0,203,10,9,1,0,2,0,0.2,0.2222222222222222,3,0,0.6666666666666666,1,0,0,0,0,0.29916144009087275,10,,,,2,,0.11377127028096558,,0.6343949044585987,,0.6942675159235668,0,900,1820.8665000000058,3.319277108433735,10,729,1000
random,school,moderate,False,both,ideal,True,4,0.0,203,10,9,1,0,2,0,0.2,0.2222222222222222,2,0,1.0,0,0,0,0,0,0.005113307378788712,17,,,,2,,0.10463349791112798,,0.6210191082802548,,0.6853503184713375,0,900,1815.1890000000062,3.362051282051282,0,1287,982
random,parking,moderate,False,both,cnn,True,4,0.0,200,10,10,0,0,9,0,0.9,0.9,14,0,0.6428571428571429,5,3,2,0,0,0.6249337096592682,35,152,,,9,,0.08738781294284365,827,0.9008264462809917,321,0.9662534435261708,0,900,1879.0735000000082,3.5351681957186543,138,1872,1320
random,parking,moderate,False,both,thermal,True,4,0.0,200,10,10,0,0,10,0,1.0,1.0,17,4,0.5882352941176471,7,4,1,13,0,0.5825835661636881,55,213,763,763,10,763,0.05945769356419471,725,0.9325068870523416,289,0.9745179063360881,1,900,1921.8456000000092,3.4254062038404727,93,1767,1317
random,parking,moderate,False,both,fusion,True,4,0.0,200,10,10,0,0,10,0,1.0,1.0,15,3,0.6666666666666666,5,5,0,13,0,0.6607741219596324,49,283,874,874,10,874,0.08482384823848238,748,0.940771349862259,459,0.9820936639118457,0,900,1912.7539000000093,3.4699853587115665,73,1728,1419
random,parking,moderate,False,both,ideal,True,4,0.0,200,10,10,0,0,10,0,1.0,1.0,10,0,1.0,0,0,0,0,0,0.012571915064873745,30,123,461,461,10,461,0.14157706093189965,464,0.9703856749311295,331,0.9869146005509641,0,900,1897.7126000000046,3.502484031227821,13,1870,1323
random,parking,moderate,False,both,cnn,True,4,0.0,201,10,9,1,0,10,0,1.0,1.1111111111111112,15,1,0.6666666666666666,5,3,2,0,0,0.5771469596092412,11,84,899,815,10,899,0.19930675909878684,810,0.9652230971128609,706,0.9875328083989501,0,900,1839.3901000000058,3.5628823929299798,125,1462,1570
random,parking,moderate,False,both,thermal,True,4,0.0,201,10,9,1,0,8,0,0.8,0.8888888888888888,12,4,0.5833333333333334,5,3,0,13,0,0.630960773165865,14,91,,,8,,0.11011638316920322,,0.6883202099737533,,0.7946194225721784,0,900,1857.1238000000071,3.1401334604385127,84,1705,986
random,parking,moderate,False,both,fusion,True,4,0.0,201,10,9,1,0,9,0,0.9,1.0,11,1,0.8181818181818182,2,1,0,26,0,0.4777580874585441,10,162,,749,9,,0.13386761650341347,737,0.968503937007874,726,0.9986876640419947,0,900,1873.8782000000097,3.6883468834688347,89,1293,1450
random,parking,moderate,False,both,ideal,True,4,0.0,201,10,9,1,0,9,0,0.9,1.0,9,0,1.0,0,0,0,0,0,0.024494281795031467,10,70,,479,9,,0.1540545771240565,475,1.0,443,1.0,0,900,1935.6859000000077,3.534776902887139,8,1733,1317
random,parking,moderate,False,both,cnn,True,4,0.0,202,10,9,1,2,6,0,0.6,0.6666666666666666,13,0,0.46153846153846156,7,4,3,0,1,0.4663493165884745,28,344,,,6,,0.08565310492505353,823,0.9159001314060446,506,0.9763469119579501,0,900,1928.9521000000098,3.519368723098996,108,1524,1492
random,parking,moderate,False,both,thermal,True,4,0.0,202,10,9,1,2,9,2,0.9,1.0,16,3,0.5625,7,4,1,2,0,0.5769181494387637,23,51,,877,9,,0.10410787080589526,724,0.9572930354796321,580,0.9947437582128777,0,900,1886.2835000000089,3.683596431022649,99,1690,1598
random,parking,moderate,False,both,fusion,True,4,0.0,202,10,9,1,2,9,2,0.9,1.0,15,4,0.6,6,2,2,2,0,0.5801033407850258,22,35,,876,9,,0.08076319916361735,574,0.9632063074901446,326,0.9921156373193167,0,900,1920.3959000000093,3.632332878581173,68,1322,1462
random,parking,moderate,False,both,ideal,True,4,0.0,202,10,9,1,2,9,2,0.9,1.0,9,0,1.0,0,0,0,0,0,0.01957661569591551,12,211,,671,9,,0.08620689655172414,574,0.9704336399474376,395,0.9875164257555847,0,900,1964.0142000000092,3.4942450914014893,11,2087,1448
random,parking,moderate,False,both,cnn,True,4,0.0,203,10,9,1,0,8,0,0.8,0.8888888888888888,16,1,0.5,8,3,2,0,1,0.6086949918179152,45,294,,,8,,0.09738079247817327,563,0.9746031746031746,248,0.9949206349206349,0,900,1930.3633000000111,3.6071661237785015,100,962,1407
random,parking,moderate,False,both,thermal,True,4,0.0,203,10,9,1,0,9,0,0.9,1.0,15,4,0.6,6,4,0,6,0,0.6594712198819075,45,359,,621,9,,0.12324438202247191,412,0.9803174603174604,257,0.9993650793650793,0,900,1925.2834000000112,3.7169689119170983,107,1202,1314
random,parking,moderate,False,both,fusion,True,4,0.0,203,10,9,1,0,9,0,0.9,1.0,14,3,0.6428571428571429,5,5,0,5,0,0.7510386285992385,63,318,,844,9,,0.12341197822141561,521,0.9771428571428571,362,0.9968253968253968,0,900,1953.176900000012,3.7069525666016894,86,998,1524
random,parking,moderate,False,both,ideal,True,4,0.0,203,10,9,1,0,9,0,0.9,1.0,9,0,1.0,0,0,0,0,0,0.03381739737674875,145,340,,614,9,,0.1532008830022075,373,1.0,325,1.0,0,900,1962.5645000000097,3.739047619047619,23,651,1400
random,warehouse,moderate,False,both,cnn,True,4,0.0,200,10,10,0,0,9,0,0.9,0.9,12,3,0.75,3,1,2,0,0,0.6318363613836337,227,413,,,10,786,0.07543910164123237,716,0.9568627450980393,561,0.984967320261438,0,900,1884.375300000008,3.4118852459016393,73,637,1672
random,warehouse,moderate,False,both,thermal,True,4,0.0,200,10,10,0,0,9,0,0.9,0.9,13,0,0.6923076923076923,4,2,1,0,1,0.5710421097076348,91,593,,,9,,0.06289640591966174,866,0.9398692810457516,837,0.9816993464052287,0,900,1884.2037000000075,3.219749652294854,58,399,1485
random,warehouse,moderate,False,both,fusion,True,4,0.0,200,10,10,0,0,6,0,0.6,0.6,9,1,0.6666666666666666,3,2,0,0,0,0.765466639569858,162,621,,,6,,0.08052749719416386,,0.8326797385620915,708,0.9267973856209151,1,900,1851.8280000000068,3.4411302982731553,62,377,1289
random,warehouse,moderate,False,both,ideal,True,4,0.0,200,10,10,0,0,7,0,0.7,0.7,7,0,1.0,0,0,0,0,1,0.05391168509745979,86,346,,,7,,0.07871779265571109,,0.8856209150326797,764,0.9503267973856209,0,900,1912.7096000000083,3.422140221402214,13,326,1409
random,warehouse,moderate,False,both,cnn,True,4,0.0,201,10,9,1,0,8,0,0.8,0.8888888888888888,12,0,0.6666666666666666,4,2,1,0,0,0.6064110256730146,17,413,,,8,,0.09124607927003137,726,0.9337309476474487,487,0.9781312127236581,3,900,1893.6179000000081,3.3520227111426544,73,640,1553
random,warehouse,moderate,False,both,thermal,True,4,0.0,201,10,9,1,0,7,0,0.7,0.7777777777777778,8,0,0.875,1,0,0,0,0,0.6845560873939572,12,590,,,7,,0.08506429277942631,889,0.9025844930417495,724,0.9469847581179589,2,900,1863.5972000000074,3.1784140969162995,47,565,1555
random,warehouse,moderate,False,both,fusion,True,4,0.0,201,10,9,1,0,8,0,0.8,0.8888888888888888,12,0,0.5833333333333334,5,1,1,0,1,0.6915988811271242,12,554,,,8,,0.09767981438515082,704,0.9410205434062293,555,0.9847581179589132,2,900,1875.1830000000086,3.37887323943662,34,556,1498
random,warehouse,moderate,False,both,ideal,True,4,0.0,201,10,9,1,0,8,0,0.8,0.8888888888888888,8,0,1.0,0,0,0,0,0,0.02792964074001218,19,349,,,8,,0.06330385852090033,654,0.9390324718356527,429,0.9748177601060305,1,900,1904.304300000008,3.190543401552576,12,652,1472
random,warehouse,moderate,False,both,cnn,True,4,0.0,202,10,9,1,2,6,0,0.6,0.6666666666666666,9,1,0.6666666666666666,3,2,1,0,1,0.5136688205437271,59,160,,,6,,0.05703125,835,0.9082508250825082,351,0.968976897689769,1,900,1877.1268000000073,3.4447674418604652,58,639,1462
random,warehouse,moderate,False,both,thermal,True,4,0.0,202,10,9,1,2,9,2,0.9,1.0,17,2,0.5294117647058824,8,5,1,0,0,0.5416371863170331,54,127,,701,9,,0.07594185701572234,602,0.9491749174917492,351,0.9841584158415841,1,900,1874.1002000000067,3.501390820584145,74,962,1482
random,warehouse,moderate,False,both,fusion,True,4,0.0,202,10,9,1,2,7,2,0.7,0.7777777777777778,11,2,0.6363636363636364,4,2,2,0,0,0.5693213179262501,54,112,,,7,,0.06583760058522312,,0.8910891089108911,502,0.9379537953795379,0,900,1902.4522000000088,3.4451851851851854,46,963,1421
random,warehouse,moderate,False,both,ideal,True,4,0.0,202,10,9,1,2,9,2,0.9,1.0,9,0,1.0,0,0,0,0,0,0.023776656432790335,25,82,,689,9,,0.05644384511654787,632,0.9174917491749175,478,0.9590759075907591,0,900,1906.514400000007,3.435251798561151,5,1753,1485
random,warehouse,moderate,False,both,cnn,True,4,0.0,203,10,9,1,0,8,0,0.8,0.8888888888888888,15,0,0.5333333333333333,7,3,4,0,1,0.6213465219282358,41,240,,,8,,0.08185053380782918,673,0.9462647444298821,598,0.9921363040629095,0,900,1906.4847000000088,3.5367036011080333,62,761,1453
random,warehouse,moderate,False,both,thermal,True,4,0.0,203,10,9,1,0,8,0,0.8,0.8888888888888888,10,3,0.8,2,1,1,0,1,0.6297555347449357,58,419,,,8,,0.08734211233539371,646,0.9685452162516383,434,0.991480996068152,0,900,1956.2006000000117,3.4945872801082545,62,630,1723
random,warehouse,moderate,False,both,fusion,True,4,0.0,203,10,9,1,0,6,0,0.6,0.6666666666666666,10,1,0.6,4,2,1,0,3,0.4601680875036929,22,225,,,6,,0.07768446310737852,738,0.918086500655308,374,0.9770642201834863,0,900,1928.514300000008,3.5060670949321913,80,700,1413
random,warehouse,moderate,False,both,ideal,True,4,0.0,203,10,9,1,0,9,0,0.9,1.0,9,0,1.0,0,0,0,0,0,0.02411296964292922,56,178,,732,9,,0.05862207896857373,743,0.9515072083879423,451,0.9829619921363041,0,900,1934.0202000000095,3.412534435261708,13,1247,1651
greedy,office,moderate,False,both,cnn,True,4,0.0,200,10,10,0,0,10,0,1.0,1.0,12,0,0.8333333333333334,2,1,0,0,0,0.5119335748171205,4,103,215,215,10,215,0.6243264049268669,213,1.0,175,1.0,0,368,647.5471999999995,2.9074074074074074,68,313,1128
greedy,office,moderate,False,both,thermal,True,4,0.0,200,10,10,0,0,10,0,1.0,1.0,15,0,0.6666666666666666,5,4,0,0,0,0.642277672650875,4,66,206,206,10,206,0.34880803011292344,208,1.0,175,1.0,0,344,582.1625999999995,2.566666666666667,118,463,1077
greedy,office,moderate,False,both,fusion,True,4,0.0,200,10,10,0,0,9,0,0.9,0.9,10,2,0.9,1,0,0,0,0,0.5730392753903256,4,57,,,9,,0.3786869647954329,185,1.0,170,1.0,0,352,622.6270999999996,2.3533333333333335,76,351,968
greedy,office,moderate,False,both,ideal,True,4,0.0,200,10,10,0,0,10,0,1.0,1.0,10,0,1.0,0,0,0,0,0,0.05523101877681601,4,61,175,175,10,175,0.3476733977172959,169,1.0,150,1.0,0,290,526.5353999999996,2.408888888888889,13,368,888
greedy,office,moderate,False,both,cnn,True,4,0.0,201,10,9,1,0,9,0,0.9,1.0,13,0,0.6923076923076923,4,3,1,0,0,0.428231312034518,21,120,,231,9,,0.4631236442516269,165,1.0,161,1.0,0,313,566.4850999999996,2.846036585365854,58,241,1029
greedy,office,moderate,False,both,thermal,True,4,0.0,201,10,9,1,0,8,0,0.8,0.8888888888888888,11,1,0.7272727272727273,3,2,0,0,0,0.3829844144229775,21,119,,,9,,0.37409326424870465,197,1.0,144,1.0,0,347,604.5856999999996,2.8582317073170733,77,434,1003
greedy,office,moderate,False,both,fusion,True,4,0.0,201,10,9,1,0,8,0,0.8,0.8888888888888888,9,1,0.8888888888888888,1,1,0,0,0,0.4560784809050931,21,109,,,8,,0.7100494233937397,240,1.0,150,1.0,0,454,848.1743999999993,3.097560975609756,54,330,1065
greedy,office,moderate,False,both,ideal,True,4,0.0,201,10,9,1,0,9,0,0.9,1.0,9,0,1.0,0,0,0,0,0,0.048780085763424456,14,77,,222,9,,0.27883817427385893,193,1.0,188,1.0,0,306,574.1921999999995,2.375,15,275,992
greedy,office,moderate,False,both,cnn,True,4,0.0,202,10,9,1,2,7,0,0.7,0.7777777777777778,10,3,0.7,3,2,1,0,0,0.6186974822421308,6,62,,,8,,0.32773938795656465,211,1.0,185,1.0,0,386,610.6684999999994,2.484621155288822,100,345,1136
greedy,office,moderate,False,both,thermal,True,4,0.0,202,10,9,1,2,9,2,0.9,1.0,11,3,0.8181818181818182,2,2,0,0,0,0.60222163609984,5,28,,222,9,,0.5197693574958814,206,1.0,191,1.0,0,380,714.5086999999993,2.985746436609152,64,381,1084
greedy,office,moderate,False,both,fusion,True,4,0.0,202,10,9,1,2,9,2,0.9,1.0,9,3,0.8888888888888888,1,0,0,0,0,0.4554318752250094,5,31,,245,9,,0.49379652605459057,236,1.0,217,1.0,0,395,734.7512999999992,2.8852213053263314,74,402,1139
greedy,office,moderate,False,both,ideal,True,4,0.0,202,10,9,1,2,9,2,0.9,1.0,9,0,1.0,0,0,0,0,0,0.02685196622918335,6,19,,173,9,,0.4229848363926576,168,1.0,166,1.0,0,341,658.0737999999993,2.9047261815453864,20,435,936
greedy,office,moderate,False,both,cnn,True,4,0.0,203,10,9,1,0,8,0,0.8,0.8888888888888888,13,0,0.6153846153846154,5,2,3,0,0,0.49152450450936724,9,114,,,8,,0.4388560157790927,156,1.0,143,1.0,0,372,671.5175999999994,2.7237410071942447,95,380,923
greedy,office,moderate,False,both,thermal,True,4,0.0,203,10,9,1,0,9,0,0.9,1.0,16,1,0.5625,7,2,0,0,0,0.5117349605104549,9,123,,176,9,,0.6860537836147592,248,1.0,220,1.0,0,456,855.2571999999992,3.30431654676259,95,521,1199
greedy,office,moderate,False,both,fusion,True,4,0.0,203,10,9,1,0,9,0,0.9,1.0,11,1,0.8181818181818182,2,1,0,1,0,0.5178447553023321,10,107,,210,9,,0.35009487666034156,165,1.0,140,1.0,0,337,613.1329999999995,2.666906474820144,64,321,995
greedy,office,moderate,False,both,ideal,True,4,0.0,203,10,9,1,0,9,0,0.9,1.0,9,0,1.0,0,0,0,0,0,0.01787360796845913,10,96,,152,9,,0.6095541401273885,153,1.0,150,1.0,0,375,743.4879999999994,2.8122302158273382,23,478,859
greedy,apartments,moderate,False,both,cnn,True,4,0.0,200,10,10,0,0,10,0,1.0,1.0,10,4,0.9,1,0,1,0,0,0.4420669828934252,86,149,334,334,10,334,0.6157742402315485,291,1.0,287,1.0,0,434,785.8518999999993,2.9240121580547114,88,322,1203
greedy,apartments,moderate,False,both,thermal,True,4,0.0,200,10,10,0,0,9,0,0.9,0.9,13,1,0.6923076923076923,4,3,0,0,0,0.5156641448979722,47,118,,,10,224,0.3723608445297505,224,1.0,216,1.0,0,358,647.8903999999994,2.4916413373860182,62,271,1024
greedy,apartments,moderate,False,both,fusion,True,4,0.0,200,10,10,0,0,9,0,0.9,0.9,12,2,0.75,3,2,1,0,0,0.5060765104142544,47,130,,,9,,0.4263494967978042,233,1.0,231,1.0,0,377,664.4968999999994,2.466565349544073,61,283,1099
greedy,apartments,moderate,False,both,ideal,True,4,0.0,200,10,10,0,0,10,0,1.0,1.0,10,0,1.0,0,0,0,0,0,0.03963703083892937,38,103,297,297,10,297,0.5955196017423771,200,1.0,188,1.0,0,323,613.7483999999995,2.5235562310030395,18,293,1035
greedy,apartments,moderate,False,both,cnn,True,4,0.0,201,10,9,1,0,9,0,0.9,1.0,11,0,0.8181818181818182,2,2,0,0,0,0.5272077373039531,20,131,,218,9,,0.44951590594744123,173,1.0,168,1.0,0,340,564.4643999999996,2.3158295281582952,78,304,930
greedy,apartments,moderate,False,both,thermal,True,4,0.0,201,10,9,1,0,8,0,0.8,0.8888888888888888,12,2,0.5833333333333334,5,2,0,1,0,0.6079347767578228,15,125,,,9,,0.450063211125158,165,1.0,152,1.0,0,266,449.97919999999965,2.1331811263318112,62,252,897
greedy,apartments,moderate,False,both,fusion,True,4,0.0,201,10,9,1,0,9,0,0.9,1.0,12,1,0.75,3,2,0,0,0,0.5181114676749458,15,200,,260,9,,0.6684856753069577,237,1.0,234,1.0,0,351,605.6625999999995,2.6780821917808217,55,281,1121
greedy,apartments,moderate,False,both,ideal,True,4,0.0,201,10,9,1,0,9,0,0.9,1.0,9,0,1.0,0,0,0,0,0,0.047824915845704,9,156,,205,9,,0.6682058047493403,193,1.0,185,1.0,0,301,550.4702999999996,2.5966514459665144,13,333,981
greedy,apartments,moderate,False,both,cnn,True,4,0.0,202,10,9,1,2,8,1,0.8,0.8888888888888888,11,0,0.7272727272727273,3,0,3,0,0,0.5921665573451226,16,111,,,8,,0.5993623804463337,218,1.0,216,1.0,0,363,642.1921999999995,2.748024582967515,73,259,966
greedy,apartments,moderate,False,both,thermal,True,4,0.0,202,10,9,1,2,9,2,0.9,1.0,11,1,0.8181818181818182,2,2,0,0,0,0.513284712622946,16,109,,252,9,,0.6269083969465649,218,1.0,212,1.0,0,373,673.9199999999995,2.775241439859526,64,316,1000
greedy,apartments,moderate,False,both,fusion,True,4,0.0,202,10,9,1,2,9,2,0.9,1.0,12,0,0.75,3,1,0,0,0,0.4954256225691476,16,128,,277,9,,0.589041095890411,243,1.0,241,1.0,0,403,720.4761999999994,2.909569798068481,76,302,1015
greedy,apartments,moderate,False,both,ideal,True,4,0.0,202,10,9,1,2,9,2,0.9,1.0,9,0,1.0,0,0,0,0,0,0.03583363934088987,15,97,,218,9,,0.5941893158388004,182,1.0,182,1.0,0,336,624.3637999999996,2.7111501316944686,31,460,925
greedy,apartments,moderate,False,both,cnn,True,4,0.0,203,10,9,1,0,8,0,0.8,0.8888888888888888,10,0,0.8,2,0,2,0,0,0.7249772271387532,12,92,,,8,,0.3528610354223433,189,1.0,186,1.0,0,279,478.66559999999976,2.0929878048780486,65,240,902
greedy,apartments,moderate,False,both,thermal,True,4,0.0,203,10,9,1,0,9,0,0.9,1.0,10,1,0.9,1,1,0,0,0,0.5841614061831,10,99,,232,9,,0.4247787610619469,224,1.0,216,1.0,0,328,572.6862999999996,2.34375,72,255,1027
greedy,apartments,moderate,False,both,fusion,True,4,0.0,203,10,9,1,0,9,0,0.9,1.0,10,0,0.9,1,0,1,0,0,0.555347799521505,12,100,,215,9,,0.39903846153846156,201,1.0,196,1.0,0,299,529.2720999999997,2.160060975609756,60,253,933
greedy,apartments,moderate,False,both,ideal,True,4,0.0,203,10,9,1,0,9,0,0.9,1.0,9,0,1.0,0,0,0,0,0,0.03427573318139579,9,98,,209,9,,0.6387782204515272,204,1.0,192,1.0,0,301,565.2720999999997,2.317073170731707,21,340,988
greedy,hospital,moderate,False,both,cnn,True,4,0.0,200,6,6,0,0,4,0,0.6666666666666666,0.6666666666666666,6,1,0.6666666666666666,2,1,0,0,0,0.6571403419272602,25,43,,,5,,0.3956043956043956,39,1.0,24,1.0,0,100,143.0562,3.2465753424657535,37,160,221
greedy,hospital,moderate,False,both,thermal,True,4,0.0,200,6,6,0,0,5,0,0.8333333333333334,0.8333333333333334,5,1,1.0,0,0,0,0,0,0.7784306683380096,21,43,,,5,,0.38823529411764707,32,1.0,21,1.0,0,100,163.17749999999998,3.315068493150685,32,172,224
greedy,hospital,moderate,False,both,fusion,True,4,0.0,200,6,6,0,0,5,0,0.8333333333333334,0.8333333333333334,6,1,0.8333333333333334,1,1,0,0,0,0.6081693881622425,21,29,,,5,,0.6102941176470589,29,1.0,21,1.0,0,102,159.83429999999998,3.2557077625570776,38,185,215
greedy,hospital,moderate,False,both,ideal,True,4,0.0,200,6,6,0,0,6,0,1.0,1.0,6,0,1.0,0,0,0,0,0,0.02592912050591273,13,21,51,51,6,51,0.7790697674418605,19,1.0,18,1.0,0,93,171.4201,3.2968036529680367,18,389,206
greedy,hospital,moderate,False,both,cnn,True,4,0.0,201,10,9,1,0,9,0,0.9,1.0,15,1,0.6,6,2,4,0,0,0.6022246904685595,20,163,,238,9,,0.7516129032258064,230,1.0,210,1.0,0,336,606.6270999999996,3.3658536585365852,85,309,1034
greedy,hospital,moderate,False,both,thermal,True,4,0.0,201,10,9,1,0,9,0,0.9,1.0,10,0,0.9,1,1,0,0,0,0.6133520807351375,22,98,,205,9,,0.5166858457997698,196,1.0,168,1.0,0,298,522.3134999999996,3.0803443328550935,82,293,948
greedy,hospital,moderate,False,both,fusion,True,4,0.0,201,10,9,1,0,9,0,0.9,1.0,11,1,0.8181818181818182,2,1,1,0,0,0.4883484077688352,19,125,,178,9,,0.6790971540726202,164,1.0,156,1.0,0,267,495.4347999999996,2.6434720229555237,56,199,840
greedy,hospital,moderate,False,both,ideal,True,4,0.0,201,10,9,1,0,9,0,0.9,1.0,9,0,1.0,0,0,0,0,0,0.06120708100718102,20,84,,164,9,,0.2651222651222651,143,1.0,130,1.0,0,241,442.7868999999997,2.3902439024390243,17,180,799
greedy,hospital,moderate,False,both,cnn,True,4,0.0,202,10,9,1,2,7,0,0.7,0.7777777777777778,9,0,0.7777777777777778,2,1,1,0,0,0.4997803818347286,25,120,,,7,,0.5903954802259888,152,1.0,148,1.0,0,266,485.4495999999997,2.5435064935064937,55,169,838
greedy,hospital,moderate,False,both,thermal,True,4,0.0,202,10,9,1,2,8,2,0.8,0.8888888888888888,11,2,0.7272727272727273,3,1,0,0,0,0.5910967004756446,23,114,,,8,,0.6442048517520216,190,1.0,149,1.0,0,328,621.7246999999994,3.0272727272727273,75,347,916
greedy,hospital,moderate,False,both,fusion,True,4,0.0,202,10,9,1,2,9,2,0.9,1.0,14,1,0.6428571428571429,5,2,0,0,0,0.6013660593257311,23,83,,179,9,,0.4216163583252191,167,1.0,147,1.0,0,288,513.2572999999996,2.4331168831168832,71,288,850
greedy,hospital,moderate,False,both,ideal,True,4,0.0,202,10,9,1,2,9,2,0.9,1.0,9,0,1.0,0,0,0,0,0,0.04065917176309402,26,67,,133,9,,0.5879077167859984,153,1.0,147,1.0,0,257,493.87269999999967,2.5344155844155845,18,258,826
greedy,hospital,moderate,False,both,cnn,True,4,0.0,203,10,9,1,0,9,0,0.9,1.0,13,1,0.6923076923076923,4,2,1,0,0,0.6519525905534741,44,104,,264,9,,0.7621231979030144,226,1.0,206,1.0,0,388,705.5382999999994,3.167415009621552,106,358,1009
greedy,hospital,moderate,False,both,thermal,True,4,0.0,203,10,9,1,0,9,0,0.9,1.0,13,1,0.6923076923076923,4,2,1,0,0,0.6196889572866274,30,99,,198,9,,0.7554709800190295,184,1.0,183,1.0,0,358,657.9110999999995,2.9390635022450287,87,450,949
greedy,hospital,moderate,False,both,fusion,True,4,0.0,203,10,9,1,0,9,0,0.9,1.0,12,2,0.75,3,2,0,0,0,0.6658022735756975,30,109,,186,9,,0.5612691466083151,218,1.0,159,1.0,0,305,539.5560999999996,2.687620269403464,78,322,967
greedy,hospital,moderate,False,both,ideal,True,4,0.0,203,10,9,1,0,9,0,0.9,1.0,9,0,1.0,0,0,0,0,0,0.04177767578011285,32,93,,180,9,,0.5010917030567685,155,1.0,150,1.0,0,255,481.75729999999965,2.430404105195638,21,302,771
greedy,school,moderate,False,both,cnn,True,4,0.0,200,10,10,0,0,10,0,1.0,1.0,15,0,0.6666666666666666,5,2,2,0,0,0.3951597353022676,9,164,236,236,10,236,0.4428754813863928,233,1.0,186,1.0,0,355,613.3548999999995,2.9723827874116893,109,367,992
greedy,school,moderate,False,both,thermal,True,4,0.0,200,10,10,0,0,10,0,1.0,1.0,15,0,0.6666666666666666,5,3,0,0,0,0.4794967825726678,11,167,247,247,10,247,0.545297670405522,233,1.0,207,1.0,0,387,701.9524999999993,3.433526011560694,114,458,1082
greedy,school,moderate,False,both,fusion,True,4,0.0,200,10,10,0,0,10,0,1.0,1.0,12,2,0.8333333333333334,2,2,0,0,0,0.4293549638119732,9,174,230,230,10,230,0.42198952879581153,208,1.0,199,1.0,0,347,624.2335999999995,2.888246628131021,77,329,989
greedy,school,moderate,False,both,ideal,True,4,0.0,200,10,10,0,0,10,0,1.0,1.0,10,0,1.0,0,0,0,0,0,0.036486081845883,13,124,193,193,10,193,0.3213149522799576,179,1.0,167,1.0,0,287,551.6270999999995,2.8683365446371227,28,356,887
greedy,school,moderate,False,both,cnn,True,4,0.0,201,10,9,1,0,9,0,0.9,1.0,11,2,0.8181818181818182,2,0,1,0,0,0.40759599112590184,30,145,,184,9,,0.25402504472271914,166,1.0,150,1.0,0,258,417.35199999999975,2.0122501611863313,77,247,867
greedy,school,moderate,False,both,thermal,True,4,0.0,201,10,9,1,0,9,0,0.9,1.0,12,2,0.75,3,1,0,0,1,0.46321985989434666,33,151,,220,9,,0.504297994269341,192,1.0,159,1.0,1,310,529.9199999999995,2.4268214055448096,106,455,982
greedy,school,moderate,False,both,fusion,True,4,0.0,201,10,9,1,0,9,0,0.9,1.0,10,3,0.9,1,0,0,0,0,0.42183155678507167,33,152,,257,9,,0.47559591373439275,175,1.0,159,1.0,0,350,611.3252999999994,2.6021921341070278,105,476,1011
greedy,school,moderate,False,both,ideal,True,4,0.0,201,10,9,1,0,9,0,0.9,1.0,9,0,1.0,0,0,0,0,0,0.04236489058928244,32,121,,184,9,,0.41394927536231885,161,1.0,135,1.0,0,257,466.3637999999996,2.2901353965183753,15,311,905
greedy,school,moderate,False,both,cnn,True,4,0.0,202,10,9,1,2,7,0,0.7,0.7777777777777778,11,1,0.6363636363636364,4,2,2,0,1,0.526685676673625,43,150,,,7,,0.6827393431167016,197,1.0,179,1.0,2,418,719.1743999999994,2.975531229877656,101,358,1090
greedy,school,moderate,False,both,thermal,True,4,0.0,202,10,9,1,2,9,2,0.9,1.0,14,1,0.6428571428571429,5,3,0,0,0,0.4867157790487262,32,73,,180,9,,0.3292533659730722,173,1.0,162,1.0,1,308,538.0412999999995,2.259497746297489,64,302,988
greedy,school,moderate,False,both,fusion,True,4,0.0,202,10,9,1,2,8,2,0.8,0.8888888888888888,11,3,0.7272727272727273,3,1,0,0,0,0.547381848905059,25,220,,,8,,0.6825518831667948,270,1.0,260,1.0,0,374,669.4258999999995,3.112685125563426,99,337,1047
greedy,school,moderate,False,both,ideal,True,4,0.0,202,10,9,1,2,9,2,0.9,1.0,9,0,1.0,0,0,0,0,0,0.04053783782538862,24,69,,214,9,,0.3284132841328413,150,1.0,95,1.0,0,277,523.5057999999996,2.637475853187379,17,325,873
greedy,school,moderate,False,both,cnn,True,4,0.0,203,10,9,1,0,8,0,0.8,0.8888888888888888,13,0,0.6153846153846154,5,2,1,0,0,0.5875225583462492,16,162,,,8,,0.34615384615384615,173,1.0,149,1.0,0,318,566.5678999999993,2.7222929936305733,73,374,872
greedy,school,moderate,False,both,thermal,True,4,0.0,203,10,9,1,0,9,0,0.9,1.0,11,1,0.8181818181818182,2,2,0,0,0,0.7901984548423444,12,118,,139,9,,0.21283255086071987,121,1.0,114,1.0,0,248,447.31349999999964,2.284713375796178,59,292,750
greedy,school,moderate,False,both,fusion,True,4,0.0,203,10,9,1,0,9,0,0.9,1.0,11,1,0.8181818181818182,2,1,0,0,0,0.7400098377889659,12,143,,165,9,,0.18821603927986907,148,1.0,133,1.0,0,264,473.69809999999956,2.4547770700636944,60,326,789
greedy,school,moderate,False,both,ideal,True,4,0.0,203,10,9,1,0,9,0,0.9,1.0,9,0,1.0,0,0,0,0,0,0.024160016210971618,29,160,,178,9,,0.5079232693911593,158,1.0,126,1.0,0,261,494.6773999999996,2.6751592356687897,20,314,834
greedy,parking,moderate,False,both,cnn,True,4,0.0,200,10,10,0,0,10,0,1.0,1.0,13,2,0.7692307692307693,3,2,1,0,0,0.46882581946699065,39,95,222,222,10,222,0.7840290381125227,214,1.0,117,1.0,0,390,683.8755999999996,3.227272727272727,146,576,1005
greedy,parking,moderate,False,both,thermal,True,4,0.0,200,10,10,0,0,10,0,1.0,1.0,15,3,0.6666666666666666,5,5,0,2,0,0.5181326271988096,37,70,132,132,10,132,0.6932059447983014,171,1.0,103,1.0,0,307,525.5146999999997,3.1893939393939394,110,563,915
greedy,parking,moderate,False,both,fusion,True,4,0.0,200,10,10,0,0,10,0,1.0,1.0,13,0,0.7692307692307693,3,2,1,0,0,0.45873559154783206,36,56,112,112,10,112,0.46271186440677964,116,1.0,103,1.0,0,275,486.6566999999996,2.7947658402203857,75,396,698
greedy,parking,moderate,False,both,ideal,True,4,0.0,200,10,10,0,0,10,0,1.0,1.0,10,0,1.0,0,0,0,0,0,0.030680075830848724,38,48,112,112,10,112,0.6743197278911565,113,1.0,80,1.0,0,245,483.3992999999996,3.1046831955922864,21,333,722
greedy,parking,moderate,False,both,cnn,True,4,0.0,201,10,9,1,0,9,0,0.9,1.0,15,1,0.6,6,4,1,0,0,0.7079297099365357,11,93,,210,9,,0.703344120819849,181,1.0,163,1.0,0,371,670.9021999999993,3.0446194225721785,113,495,965
greedy,parking,moderate,False,both,thermal,True,4,0.0,201,10,9,1,0,8,0,0.8,0.8888888888888888,12,2,0.6666666666666666,4,3,0,7,0,0.519882780174253,9,113,,,9,,0.38825448613376834,167,1.0,141,1.0,0,293,503.70699999999965,2.489501312335958,103,532,929
greedy,parking,moderate,False,both,fusion,True,4,0.0,201,10,9,1,0,9,0,0.9,1.0,12,0,0.75,3,2,0,2,0,0.5855253766016059,9,75,,182,9,,0.7123456790123457,139,1.0,107,1.0,0,248,441.3933999999997,3.1122047244094486,77,313,883
greedy,parking,moderate,False,both,ideal,True,4,0.0,201,10,9,1,0,9,0,0.9,1.0,9,0,1.0,0,0,0,0,0,0.057619451736369766,10,27,,111,9,,0.15930902111324377,102,1.0,92,1.0,0,188,326.95259999999985,2.356299212598425,17,240,598
greedy,parking,moderate,False,both,cnn,True,4,0.0,202,10,9,1,2,8,0,0.8,0.8888888888888888,16,0,0.4375,9,6,3,0,1,0.2637896659952674,16,90,,,8,,0.6987315010570825,144,1.0,102,1.0,0,402,682.0619999999996,3.2109067017082786,141,632,966
greedy,parking,moderate,False,both,thermal,True,4,0.0,202,10,9,1,2,9,2,0.9,1.0,17,0,0.5294117647058824,8,4,1,1,0,0.3510408391175518,11,35,,177,9,,0.7267497603068073,175,1.0,136,1.0,0,348,643.3459999999994,3.178712220762155,86,553,904
greedy,parking,moderate,False,both,fusion,True,4,0.0,202,10,9,1,2,9,2,0.9,1.0,15,2,0.6,6,3,2,1,0,0.505502156967279,13,56,,148,9,,0.4694708276797829,134,1.0,127,1.0,0,264,472.4140999999996,2.8324572930354797,82,409,761
greedy,parking,moderate,False,both,ideal,True,4,0.0,202,10,9,1,2,9,2,0.9,1.0,9,0,1.0,0,0,0,0,0,0.03900812336879294,9,49,,141,9,,0.45010183299389,136,1.0,73,1.0,0,218,415.3874999999997,2.8199737187910645,23,337,739
greedy,parking,moderate,False,both,cnn,True,4,0.0,203,10,9,1,0,9,0,0.9,1.0,10,2,0.8,2,1,1,0,0,0.5179768665845369,34,108,,153,9,,0.6418918918918919,116,1.0,112,1.0,0,237,420.9998999999996,3.0641269841269843,94,279,754
greedy,parking,moderate,False,both,thermal,True,4,0.0,203,10,9,1,0,9,0,0.9,1.0,12,4,0.75,3,2,0,2,0,0.4754233307446949,20,89,,126,9,,0.2291220556745182,100,1.0,91,1.0,0,245,428.2513999999997,2.7346031746031745,69,291,626
greedy,parking,moderate,False,both,fusion,True,4,0.0,203,10,9,1,0,9,0,0.9,1.0,13,2,0.6923076923076923,4,2,1,0,0,0.5127691019668943,20,88,,170,9,,0.5166666666666667,138,1.0,88,1.0,0,282,504.21289999999954,3.2876190476190477,87,367,812
greedy,parking,moderate,False,both,ideal,True,4,0.0,203,10,9,1,0,9,0,0.9,1.0,9,0,1.0,0,0,0,0,0,0.0388161139217211,21,93,,112,9,,0.2447418738049713,100,1.0,94,1.0,0,176,338.2099999999998,2.5834920634920633,14,206,584
greedy,warehouse,moderate,False,both,cnn,True,4,0.0,200,10,10,0,0,10,0,1.0,1.0,14,2,0.6428571428571429,5,1,2,0,0,0.5483881580419586,34,120,159,159,10,159,0.6911643270024773,153,1.0,142,1.0,0,335,578.5471999999995,2.8006535947712417,95,357,907
greedy,warehouse,moderate,False,both,thermal,True,4,0.0,200,10,10,0,0,10,0,1.0,1.0,13,1,0.7692307692307693,3,1,1,0,0,0.490030225668239,55,141,159,159,10,159,0.7223300970873786,157,1.0,138,1.0,0,337,586.2335999999996,2.981045751633987,90,362,892
greedy,warehouse,moderate,False,both,fusion,True,4,0.0,200,10,10,0,0,10,0,1.0,1.0,13,4,0.7692307692307693,3,0,0,0,0,0.5572032543716385,45,119,176,176,10,176,0.6660714285714285,147,1.0,134,1.0,0,333,570.2838999999996,2.8477124183006537,90,345,890
greedy,warehouse,moderate,False,both,ideal,True,4,0.0,200,10,10,0,0,10,0,1.0,1.0,10,0,1.0,0,0,0,0,0,0.04312803939320019,34,97,128,128,10,128,0.5104166666666666,123,1.0,114,1.0,0,214,406.2572999999997,2.2928104575163397,13,179,740
greedy,warehouse,moderate,False,both,cnn,True,4,0.0,201,10,9,1,0,9,0,0.9,1.0,13,1,0.6923076923076923,4,2,1,0,0,0.6536790515022779,11,123,,169,9,,0.7141350210970464,173,1.0,143,1.0,0,332,583.3193999999995,2.7422133863485754,105,312,1035
greedy,warehouse,moderate,False,both,thermal,True,4,0.0,201,10,9,1,0,9,0,0.9,1.0,13,1,0.6923076923076923,4,0,0,0,0,0.592566381612595,11,93,,151,9,,0.607707509881423,147,1.0,119,1.0,0,265,482.48509999999953,2.607687210072896,56,178,932
greedy,warehouse,moderate,False,both,fusion,True,4,0.0,201,10,9,1,0,9,0,0.9,1.0,9,2,1.0,0,0,0,0,0,0.7022952639668909,10,128,,174,9,,0.6696501220504475,178,1.0,151,1.0,0,307,575.8459999999993,2.99403578528827,69,288,945
greedy,warehouse,moderate,False,both,ideal,True,4,0.0,201,10,9,1,0,9,0,0.9,1.0,9,0,1.0,0,0,0,0,0,0.05351254345303586,12,74,,161,9,,0.35365853658536583,105,1.0,94,1.0,0,237,457.60639999999955,2.4559310801855534,15,226,752
greedy,warehouse,moderate,False,both,cnn,True,4,0.0,202,10,9,1,2,6,0,0.6,0.6666666666666666,9,0,0.6666666666666666,3,1,1,0,0,0.5545495024806724,57,112,,,6,,0.6710344827586207,176,1.0,127,1.0,0,339,620.6684999999995,2.572937293729373,53,218,982
greedy,warehouse,moderate,False,both,thermal,True,4,0.0,202,10,9,1,2,8,2,0.8,0.8888888888888888,9,2,0.8888888888888888,1,1,0,0,0,0.49290680628557715,25,68,,,8,,0.38496583143507973,167,1.0,131,1.0,0,315,524.1211999999997,2.46996699669967,80,321,1016
greedy,warehouse,moderate,False,both,fusion,True,4,0.0,202,10,9,1,2,8,2,0.8,0.8888888888888888,11,1,0.7272727272727273,3,2,1,0,0,0.42727608711233384,25,70,,,8,,0.5295109612141653,164,1.0,135,1.0,0,261,491.1270999999996,2.3914191419141915,40,182,941
greedy,warehouse,moderate,False,both,ideal,True,4,0.0,202,10,9,1,2,9,2,0.9,1.0,9,0,1.0,0,0,0,0,0,0.044575896127614444,48,69,,142,9,,0.5924657534246576,153,1.0,131,1.0,0,291,566.9051999999996,2.6785478547854784,17,229,958
greedy,warehouse,moderate,False,both,cnn,True,4,0.0,203,10,9,1,0,9,0,0.9,1.0,15,1,0.6,6,3,2,0,0,0.5529491767584171,15,99,,237,9,,0.4448857994041708,163,1.0,152,1.0,0,276,498.60639999999967,2.4226736566186107,55,212,932
greedy,warehouse,moderate,False,both,thermal,True,4,0.0,203,10,9,1,0,9,0,0.9,1.0,9,1,1.0,0,0,0,0,0,0.5834585839944418,18,67,,145,9,,0.3961038961038961,129,1.0,114,1.0,0,276,485.1004999999997,2.487549148099607,53,176,826
greedy,warehouse,moderate,False,both,fusion,True,4,0.0,203,10,9,1,0,9,0,0.9,1.0,10,1,0.9,1,0,0,0,0,0.4539365742952019,18,67,,154,9,,0.5037513397642015,140,1.0,124,1.0,0,286,518.6566999999997,2.6408912188728704,56,224,858
greedy,warehouse,moderate,False,both,ideal,True,4,0.0,203,10,9,1,0,9,0,0.9,1.0,9,0,1.0,0,0,0,0,0,0.03991872635886718,11,63,,112,9,,0.3396004700352526,116,1.0,104,1.0,0,231,426.1714999999997,2.1317169069462647,14,234,734
partition,office,moderate,False,both,cnn,True,4,0.0,200,10,10,0,0,10,0,1.0,1.0,12,0,0.8333333333333334,2,2,0,0,0,0.48216154028546787,3,71,183,183,10,183,0.0,162,1.0,140,1.0,1,294,476.4998999999996,2.045185185185185,53,300,822
partition,office,moderate,False,both,thermal,True,4,0.0,200,10,10,0,0,10,0,1.0,1.0,14,2,0.7142857142857143,4,2,1,0,0,0.47901946615313473,2,30,137,137,10,137,0.0,169,1.0,112,1.0,1,352,541.3844999999995,2.1444444444444444,63,373,857
partition,office,moderate,False,both,fusion,True,4,0.0,200,10,10,0,0,8,0,0.8,0.8,10,1,0.8,2,0,0,0,0,0.4662316564847469,2,50,,,9,,0.00823045267489712,164,1.0,121,1.0,1,365,608.8341999999996,2.137777777777778,65,434,856
partition,office,moderate,False,both,ideal,True,4,0.0,200,10,10,0,0,10,0,1.0,1.0,10,0,1.0,0,0,0,0,0,0.04106722629848588,3,28,125,125,10,125,0.0,129,1.0,107,1.0,0,282,383.85199999999975,1.9555555555555555,7,279,792
partition,office,moderate,False,both,cnn,True,4,0.0,201,10,9,1,0,9,0,0.9,1.0,12,0,0.6666666666666666,4,3,1,0,0,0.6211465212495474,15,77,,211,9,,0.0,173,1.0,116,1.0,1,299,483.15079999999966,1.9260670731707317,41,272,905
partition,office,moderate,False,both,thermal,True,4,0.0,201,10,9,1,0,9,0,0.9,1.0,13,1,0.6923076923076923,4,3,0,0,0,0.31066120723850343,13,60,,127,9,,0.0,123,1.0,99,1.0,1,246,415.47329999999977,1.8696646341463414,19,194,834
partition,office,moderate,False,both,fusion,True,4,0.0,201,10,9,1,0,9,0,0.9,1.0,10,2,0.9,1,1,0,0,0,0.48108906085841796,16,84,,159,9,,0.0,148,1.0,111,1.0,1,282,436.71589999999975,1.9108231707317074,29,176,881
partition,office,moderate,False,both,ideal,True,4,0.0,201,10,9,1,0,9,0,0.9,1.0,9,0,1.0,0,0,0,0,0,0.04622128284340897,12,58,,162,9,,0.0,128,1.0,106,1.0,1,253,423.30169999999976,1.8429878048780488,5,273,808
partition,office,moderate,False,both,cnn,True,4,0.0,202,10,9,1,2,7,0,0.7,0.7777777777777778,9,1,0.7777777777777778,2,2,0,0,1,0.5769740747179346,7,43,,,7,,0.0,177,1.0,160,1.0,0,394,517.0412999999995,2.1140285071267817,57,280,899
partition,office,moderate,False,both,thermal,True,4,0.0,202,10,9,1,2,9,2,0.9,1.0,11,2,0.6363636363636364,4,1,0,0,0,0.44150781827919366,6,14,,172,9,,0.0,166,1.0,159,1.0,0,407,571.3548999999995,2.129032258064516,69,399,969
partition,office,moderate,False,both,fusion,True,4,0.0,202,10,9,1,2,9,2,0.9,1.0,9,2,1.0,0,0,0,0,0,0.5236695610308504,6,17,,187,9,,0.0,170,1.0,165,1.0,0,314,479.4850999999996,2.1275318829707426,44,295,968
partition,office,moderate,False,both,ideal,True,4,0.0,202,10,9,1,2,9,2,0.9,1.0,9,0,1.0,0,0,0,0,0,0.03907790791927925,7,18,,179,9,,0.0,155,1.0,148,1.0,1,312,476.2631999999996,2.177794448612153,9,375,860
partition,office,moderate,False,both,cnn,True,4,0.0,203,10,9,1,0,9,0,0.9,1.0,11,1,0.8181818181818182,2,0,2,0,0,0.5001449745400336,10,83,,180,9,,0.0,141,1.0,109,1.0,1,375,571.7483999999995,2.162589928057554,64,311,862
partition,office,moderate,False,both,thermal,True,4,0.0,203,10,9,1,0,9,0,0.9,1.0,11,2,0.8181818181818182,2,2,0,0,0,0.5153830650720733,10,103,,157,9,,0.0,133,1.0,113,1.0,0,344,511.3134999999996,2.0697841726618704,45,330,837
partition,office,moderate,False,both,fusion,True,4,0.0,203,10,9,1,0,9,0,0.9,1.0,12,0,0.75,3,1,2,0,0,0.5236998011529068,10,105,,173,9,,0.0,146,1.0,140,1.0,0,360,529.7276999999996,2.064028776978417,55,383,870
partition,office,moderate,False,both,ideal,True,4,0.0,203,10,9,1,0,9,0,0.9,1.0,9,0,1.0,0,0,0,0,0,0.03720496317712127,11,104,,139,9,,0.0,128,1.0,121,1.0,0,288,423.0294999999997,1.9906474820143885,7,260,811
partition,apartments,moderate,False,both,cnn,True,4,0.0,200,10,10,0,0,8,0,0.8,0.8,10,2,0.8,2,0,1,0,0,0.543800747960392,43,156,,,9,,0.0027624309392265192,179,1.0,171,1.0,6,355,522.8282999999996,1.8685410334346504,36,170,915
partition,apartments,moderate,False,both,thermal,True,4,0.0,200,10,10,0,0,10,0,1.0,1.0,13,3,0.6923076923076923,4,3,0,0,0,0.5360669916717502,43,81,268,268,10,268,0.002457002457002457,209,1.0,200,1.0,6,510,637.5264999999995,1.919452887537994,46,230,974
partition,apartments,moderate,False,both,fusion,True,4,0.0,200,10,10,0,0,10,0,1.0,1.0,12,2,0.8333333333333334,2,1,1,0,0,0.5263084173355841,43,81,272,272,10,272,0.07296137339055794,227,1.0,217,1.0,6,407,544.4850999999995,1.8936170212765957,34,199,1001
partition,apartments,moderate,False,both,ideal,True,4,0.0,200,10,10,0,0,10,0,1.0,1.0,10,0,1.0,0,0,0,0,0,0.051474369738909044,23,47,244,244,10,244,0.0017452006980802793,182,1.0,174,1.0,6,340,477.97919999999965,1.8404255319148937,6,228,959
partition,apartments,moderate,False,both,cnn,True,4,0.0,201,10,9,1,0,9,0,0.9,1.0,12,1,0.75,3,2,1,0,0,0.6298697368921233,9,90,,157,9,,0.0,147,1.0,146,1.0,0,256,393.80169999999976,1.7572298325722984,42,186,826
partition,apartments,moderate,False,both,thermal,True,4,0.0,201,10,9,1,0,9,0,0.9,1.0,12,0,0.75,3,2,0,1,0,0.6258179916826281,7,117,,212,9,,0.0,157,1.0,156,1.0,0,276,445.4229999999997,1.8059360730593608,46,262,863
partition,apartments,moderate,False,both,fusion,True,4,0.0,201,10,9,1,0,9,0,0.9,1.0,12,0,0.75,3,2,0,0,0,0.5873724959457062,7,98,,168,9,,0.0,154,1.0,151,1.0,0,293,450.30169999999976,1.7884322678843227,38,242,835
partition,apartments,moderate,False,both,ideal,True,4,0.0,201,10,9,1,0,9,0,0.9,1.0,9,0,1.0,0,0,0,0,0,0.051483096224177204,8,67,,157,9,,0.006072874493927126,138,1.0,131,1.0,0,242,380.25139999999976,1.7366818873668188,7,244,773
partition,apartments,moderate,False,both,cnn,True,4,0.0,202,10,9,1,2,7,0,0.7,0.7777777777777778,9,0,0.7777777777777778,2,0,2,0,1,0.6864832883955801,16,114,,,7,,0.0,138,1.0,137,1.0,4,386,480.4229999999997,1.8805970149253732,44,175,788
partition,apartments,moderate,False,both,thermal,True,4,0.0,202,10,9,1,2,9,2,0.9,1.0,12,2,0.75,3,3,0,0,0,0.5763301208129499,16,69,,252,9,,0.0,132,1.0,129,1.0,3,303,445.7365999999997,1.8990342405618963,37,194,794
partition,apartments,moderate,False,both,fusion,True,4,0.0,202,10,9,1,2,9,2,0.9,1.0,11,1,0.8181818181818182,2,2,0,0,0,0.572164753464978,19,67,,248,9,,0.0,134,1.0,131,1.0,3,900,378.6448999999998,1.7199297629499561,36,835,797
partition,apartments,moderate,False,both,ideal,True,4,0.0,202,10,9,1,2,9,2,0.9,1.0,9,0,1.0,0,0,0,0,0,0.036066152294825765,10,55,,242,9,,0.0,130,1.0,129,1.0,3,292,426.71589999999975,1.8999122036874452,7,282,745
partition,apartments,moderate,False,both,cnn,True,4,0.0,203,10,9,1,0,9,0,0.9,1.0,12,1,0.75,3,0,2,0,0,0.5628345610285493,10,91,,127,9,,0.0,166,1.0,121,1.0,1,305,439.7661999999998,1.7423780487804879,38,214,808
partition,apartments,moderate,False,both,thermal,True,4,0.0,203,10,9,1,0,8,0,0.8,0.8888888888888888,10,2,0.8,2,1,0,0,0,0.5706024660836642,8,121,,,9,,0.0,167,1.0,141,1.0,1,387,528.2513999999996,1.8033536585365855,50,264,899
partition,apartments,moderate,False,both,fusion,True,4,0.0,203,10,9,1,0,8,0,0.8,0.8888888888888888,9,2,0.8888888888888888,1,0,0,0,0,0.5457400604313241,10,114,,,9,,0.0,156,1.0,137,1.0,1,361,473.6448999999997,1.7347560975609757,37,203,845
partition,apartments,moderate,False,both,ideal,True,4,0.0,203,10,9,1,0,9,0,0.9,1.0,9,0,1.0,0,0,0,0,0,0.03529750243863961,8,87,,203,9,,0.0,155,1.0,112,1.0,1,264,417.1951999999998,1.7797256097560976,8,259,742
partition,hospital,moderate,False,both,cnn,True,4,0.0,200,6,6,0,0,5,0,0.8333333333333334,0.8333333333333334,6,1,0.6666666666666666,2,1,0,0,0,0.6172058671611185,14,28,,,5,,0.0,98,1.0,20,1.0,3,110,122.7988,2.6575342465753424,9,139,259
partition,hospital,moderate,False,both,thermal,True,4,0.0,200,6,6,0,0,6,0,1.0,1.0,7,0,0.7142857142857143,2,1,1,0,0,0.5175751810602341,18,28,117,117,6,117,0.0,65,1.0,20,1.0,3,168,142.29879999999997,2.6210045662100456,12,161,282
partition,hospital,moderate,False,both,fusion,True,4,0.0,200,6,6,0,0,5,0,0.8333333333333334,0.8333333333333334,5,1,0.8,1,1,0,0,1,0.46792381951450923,11,28,,,5,,0.0,112,1.0,20,1.0,3,124,133.9201,2.9269406392694064,11,152,257
partition,hospital,moderate,False,both,ideal,True,4,0.0,200,6,6,0,0,6,0,1.0,1.0,6,0,1.0,0,0,0,0,0,0.04137843435009799,10,16,62,62,6,62,0.0,101,1.0,18,1.0,2,113,128.47039999999998,2.6621004566210047,5,306,240
partition,hospital,moderate,False,both,cnn,True,4,0.0,201,10,9,1,0,9,0,0.9,1.0,13,1,0.6923076923076923,4,2,2,0,0,0.5662187655616775,49,72,,185,9,,0.0,135,1.0,128,1.0,0,231,348.3815999999998,1.6499282639885222,64,271,732
partition,hospital,moderate,False,both,thermal,True,4,0.0,201,10,9,1,0,9,0,0.9,1.0,10,0,0.9,1,1,0,0,0,0.5692503053253967,41,54,,146,9,,0.0,123,1.0,115,1.0,0,242,331.9673999999998,1.6714490674318507,31,164,720
partition,hospital,moderate,False,both,fusion,True,4,0.0,201,10,9,1,0,9,0,0.9,1.0,9,0,1.0,0,0,0,0,0,0.4639285278514787,43,58,,136,9,,0.0,115,1.0,112,1.0,0,242,342.72479999999985,1.6721664275466284,25,123,680
partition,hospital,moderate,False,both,ideal,True,4,0.0,201,10,9,1,0,9,0,0.9,1.0,9,0,1.0,0,0,0,0,0,0.04817471059138549,35,46,,141,9,,0.013927576601671309,104,1.0,97,1.0,0,215,316.6034999999999,1.723816355810617,9,146,657
partition,hospital,moderate,False,both,cnn,True,4,0.0,202,10,9,1,2,6,0,0.6,0.6666666666666666,10,1,0.6,4,2,2,0,0,0.5062263929437215,29,79,,,6,,0.0,131,1.0,92,1.0,0,253,384.1448999999998,1.6818181818181819,53,216,815
partition,hospital,moderate,False,both,thermal,True,4,0.0,202,10,9,1,2,9,2,0.9,1.0,10,1,0.9,1,1,0,0,0,0.5325548758438398,17,48,,137,9,,0.0,134,1.0,121,1.0,0,275,440.47329999999977,1.7025974025974027,52,249,738
partition,hospital,moderate,False,both,fusion,True,4,0.0,202,10,9,1,2,9,2,0.9,1.0,12,3,0.75,3,1,0,1,0,0.5888881005679366,20,48,,135,9,,0.0,135,1.0,122,1.0,0,247,395.9377999999998,1.688961038961039,37,174,765
partition,hospital,moderate,False,both,ideal,True,4,0.0,202,10,9,1,2,9,2,0.9,1.0,9,0,1.0,0,0,0,0,0,0.05046759872673571,17,38,,126,9,,0.0,120,1.0,100,1.0,0,229,347.89639999999986,1.6694805194805196,8,150,695
partition,hospital,moderate,False,both,cnn,True,4,0.0,203,10,9,1,0,9,0,0.9,1.0,13,1,0.6923076923076923,4,2,1,0,0,0.5727296989544546,28,65,,137,9,,0.0,135,1.0,125,1.0,0,298,416.5501999999997,1.5355997434252726,67,239,842
partition,hospital,moderate,False,both,thermal,True,4,0.0,203,10,9,1,0,9,0,0.9,1.0,11,0,0.8181818181818182,2,2,0,0,0,0.5478146012653308,29,52,,101,9,,0.0,101,1.0,92,1.0,0,272,400.59459999999973,1.559974342527261,49,246,705
partition,hospital,moderate,False,both,fusion,True,4,0.0,203,10,9,1,0,9,0,0.9,1.0,11,1,0.8181818181818182,2,2,0,0,0,0.5221778659771218,27,54,,115,9,,0.0,98,1.0,81,1.0,0,248,375.93779999999975,1.5400898011545863,39,195,745
partition,hospital,moderate,False,both,ideal,True,4,0.0,203,10,9,1,0,9,0,0.9,1.0,9,0,1.0,0,0,0,0,0,0.03778560155989755,27,47,,71,9,,0.0,90,1.0,71,1.0,0,199,347.8667999999998,1.5375240538806927,8,200,637
partition,school,moderate,False,both,cnn,True,4,0.0,200,10,10,0,0,10,0,1.0,1.0,13,2,0.7692307692307693,3,1,2,0,0,0.4989557794862717,7,139,202,202,10,202,0.0,158,1.0,151,1.0,7,374,572.8696999999995,2.233140655105973,59,258,840
partition,school,moderate,False,both,thermal,True,4,0.0,200,10,10,0,0,10,0,1.0,1.0,10,2,1.0,0,0,0,0,0,0.4321473223153765,9,129,210,210,10,210,0.0,149,1.0,138,1.0,7,414,604.6684999999994,2.233782915863841,66,353,869
partition,school,moderate,False,both,fusion,True,4,0.0,200,10,10,0,0,10,0,1.0,1.0,12,0,0.8333333333333334,2,2,0,0,0,0.3837982991594621,7,125,194,194,10,194,0.0,152,1.0,139,1.0,7,374,559.2128999999995,2.2299293513166347,42,270,821
partition,school,moderate,False,both,ideal,True,4,0.0,200,10,10,0,0,10,0,1.0,1.0,10,0,1.0,0,0,0,0,0,0.051131428195248275,10,122,156,156,10,156,0.0,138,1.0,132,1.0,8,261,441.2010999999997,2.0912010276172124,9,230,798
partition,school,moderate,False,both,cnn,True,4,0.0,201,10,9,1,0,7,0,0.7,0.7777777777777778,9,1,0.7777777777777778,2,1,1,0,0,0.45733244122514577,15,67,,,7,,0.0392156862745098,164,1.0,139,1.0,0,256,403.21589999999975,1.8600902643455834,42,237,854
partition,school,moderate,False,both,thermal,True,4,0.0,201,10,9,1,0,8,0,0.8,0.8888888888888888,11,3,0.7272727272727273,3,1,0,0,0,0.41243455479685587,13,70,,,9,,0.00683371298405467,146,1.0,121,1.0,0,325,518.3637999999996,1.912314635718891,68,401,867
partition,school,moderate,False,both,fusion,True,4,0.0,201,10,9,1,0,9,0,0.9,1.0,10,3,0.9,1,0,0,0,0,0.4978270815932053,15,60,,157,9,,0.0,174,1.0,158,1.0,0,389,576.3134999999995,1.9200515796260478,70,431,926
partition,school,moderate,False,both,ideal,True,4,0.0,201,10,9,1,0,9,0,0.9,1.0,9,0,1.0,0,0,0,0,0,0.04981011051285827,16,44,,124,9,,0.0,127,1.0,116,1.0,0,233,381.0383999999998,1.8220502901353965,7,233,758
partition,school,moderate,False,both,cnn,True,4,0.0,202,10,9,1,2,7,0,0.7,0.7777777777777778,10,0,0.7,3,1,2,0,0,0.49778973792911385,35,113,,,7,,0.0,139,1.0,100,1.0,0,260,377.25139999999976,1.6947842884739215,48,189,831
partition,school,moderate,False,both,thermal,True,4,0.0,202,10,9,1,2,9,2,0.9,1.0,12,0,0.75,3,2,0,0,0,0.46516418990331765,34,118,,146,9,,0.0,124,1.0,104,1.0,0,424,536.6566999999997,1.7572440437862202,51,241,757
partition,school,moderate,False,both,fusion,True,4,0.0,202,10,9,1,2,9,2,0.9,1.0,10,1,0.9,1,1,0,0,0,0.5297448503856166,31,115,,137,9,,0.0,129,1.0,114,1.0,0,279,383.30169999999976,1.7205408886027045,41,203,767
partition,school,moderate,False,both,ideal,True,4,0.0,202,10,9,1,2,9,2,0.9,1.0,9,0,1.0,0,0,0,0,0,0.04033531137368687,31,93,,130,9,,0.0,124,1.0,85,1.0,0,201,360.33719999999977,1.6632324533161622,7,186,738
partition,school,moderate,False,both,cnn,True,4,0.0,203,10,9,1,0,8,0,0.8,0.8888888888888888,10,0,0.8,2,0,1,0,0,0.5494295294160911,11,95,,,8,,0.0,104,1.0,93,1.0,2,231,372.4022999999998,1.6904458598726115,41,235,729
partition,school,moderate,False,both,thermal,True,4,0.0,203,10,9,1,0,9,0,0.9,1.0,10,0,0.9,1,1,0,0,0,0.673361204967637,9,94,,129,9,,0.0,106,1.0,93,1.0,2,242,394.13009999999974,1.7707006369426752,25,213,667
partition,school,moderate,False,both,fusion,True,4,0.0,203,10,9,1,0,9,0,0.9,1.0,10,0,0.9,1,1,0,0,0,0.5434183263279058,11,97,,123,9,,0.0,119,1.0,100,1.0,1,247,403.95849999999973,1.7885350318471338,34,271,737
partition,school,moderate,False,both,ideal,True,4,0.0,203,10,9,1,0,9,0,0.9,1.0,9,0,1.0,0,0,0,0,0,0.03387893560093976,12,97,,109,9,,0.0,96,1.0,91,1.0,2,205,364.7661999999998,1.7127388535031847,8,238,637
partition,parking,moderate,False,both,cnn,True,4,0.0,200,10,10,0,0,9,0,0.9,0.9,12,0,0.75,3,2,1,0,0,0.6053401128354503,23,73,,,9,,0.0,113,1.0,86,1.0,0,286,395.3726999999998,2.209366391184573,75,330,769
partition,parking,moderate,False,both,thermal,True,4,0.0,200,10,10,0,0,9,0,0.9,0.9,15,5,0.6,6,2,0,3,0,0.5196339195803733,21,66,,,10,132,0.0,95,1.0,73,1.0,1,268,417.47329999999977,2.0289256198347108,56,364,719
partition,parking,moderate,False,both,fusion,True,4,0.0,200,10,10,0,0,10,0,1.0,1.0,13,2,0.7692307692307693,3,2,0,1,0,0.5248204045198468,25,49,234,234,10,234,0.0,98,1.0,74,1.0,0,322,507.5856999999997,2.34366391184573,94,575,740
partition,parking,moderate,False,both,ideal,True,4,0.0,200,10,10,0,0,10,0,1.0,1.0,10,0,1.0,0,0,0,0,0,0.038015310124199106,18,44,110,110,10,110,0.0,78,1.0,64,1.0,0,178,312.43189999999987,2.0447658402203857,6,212,566
partition,parking,moderate,False,both,cnn,True,4,0.0,201,10,9,1,0,8,0,0.8,0.8888888888888888,12,0,0.6666666666666666,4,1,2,0,0,0.5063561225839208,10,64,,,8,,0.0,118,1.0,109,1.0,1,256,397.57979999999975,2.0669291338582676,66,405,743
partition,parking,moderate,False,both,thermal,True,4,0.0,201,10,9,1,0,9,0,0.9,1.0,12,1,0.75,3,3,0,2,0,0.6692579567178044,8,46,,105,9,,0.0,106,1.0,91,1.0,2,198,343.9377999999998,2.0118110236220472,50,279,678
partition,parking,moderate,False,both,fusion,True,4,0.0,201,10,9,1,0,9,0,0.9,1.0,10,1,0.9,1,0,0,4,0,0.4334774947722841,8,62,,105,9,,0.0,105,1.0,91,1.0,1,279,464.53539999999964,2.070209973753281,62,436,649
partition,parking,moderate,False,both,ideal,True,4,0.0,201,10,9,1,0,9,0,0.9,1.0,9,0,1.0,0,0,0,0,0,0.06557236779952053,9,21,,88,9,,0.0,105,1.0,88,1.0,1,179,316.1596999999998,2.125984251968504,8,188,605
partition,parking,moderate,False,both,cnn,True,4,0.0,202,10,9,1,2,7,0,0.7,0.7777777777777778,13,0,0.5384615384615384,6,2,3,0,0,0.40472597219686524,13,45,,,7,,0.0,84,1.0,56,1.0,0,272,371.1507999999997,2.0013140604467807,63,353,665
partition,parking,moderate,False,both,thermal,True,4,0.0,202,10,9,1,2,9,2,0.9,1.0,12,2,0.75,3,2,1,2,0,0.45366795108788316,13,39,,128,9,,0.0,113,1.0,56,1.0,0,288,402.8371999999997,2.037450722733246,58,363,692
partition,parking,moderate,False,both,fusion,True,4,0.0,202,10,9,1,2,9,2,0.9,1.0,10,2,0.9,1,0,1,1,0,0.4864084274669413,13,26,,116,9,,0.0,93,1.0,56,1.0,0,224,346.4229999999998,2.042706964520368,53,309,642
partition,parking,moderate,False,both,ideal,True,4,0.0,202,10,9,1,2,9,2,0.9,1.0,9,0,1.0,0,0,0,0,0,0.05787448232603858,10,34,,87,9,,0.0,80,1.0,53,1.0,0,172,299.34609999999986,1.8423127463863338,8,255,572
partition,parking,moderate,False,both,cnn,True,4,0.0,203,10,9,1,0,9,0,0.9,1.0,13,2,0.6923076923076923,4,1,1,0,0,0.488971830689236,21,80,,108,9,,0.0,84,1.0,60,1.0,0,266,426.8578999999997,2.1098412698412696,73,290,599
partition,parking,moderate,False,both,thermal,True,4,0.0,203,10,9,1,0,9,0,0.9,1.0,13,1,0.6923076923076923,4,2,0,2,0,0.5268113376001211,21,59,,119,9,,0.004149377593360996,104,1.0,58,1.0,0,246,367.6152999999997,2.1130158730158732,70,291,683
partition,parking,moderate,False,both,fusion,True,4,0.0,203,10,9,1,0,9,0,0.9,1.0,13,0,0.6153846153846154,5,3,0,0,0,0.5315587372365482,21,59,,121,9,,0.0,87,1.0,57,1.0,0,223,323.0590999999998,2.0228571428571427,61,316,599
partition,parking,moderate,False,both,ideal,True,4,0.0,203,10,9,1,0,9,0,0.9,1.0,9,0,1.0,0,0,0,0,0,0.06204117460911277,23,48,,87,9,,0.0,78,1.0,54,1.0,0,148,274.0176999999999,1.9301587301587302,9,140,537
partition,warehouse,moderate,False,both,cnn,True,4,0.0,200,10,10,0,0,10,0,1.0,1.0,15,1,0.6666666666666666,5,2,2,0,0,0.5712049908144374,40,81,224,224,10,224,0.0,138,1.0,94,1.0,0,313,453.9998999999996,1.9071895424836602,59,231,827
partition,warehouse,moderate,False,both,thermal,True,4,0.0,200,10,10,0,0,10,0,1.0,1.0,10,0,1.0,0,0,0,0,0,0.6403119181956382,41,97,147,147,10,147,0.0,121,1.0,102,1.0,0,254,345.6951999999998,1.7163398692810456,25,133,776
partition,warehouse,moderate,False,both,fusion,True,4,0.0,200,10,10,0,0,10,0,1.0,1.0,12,1,0.8333333333333334,2,2,0,0,0,0.5054806540953372,41,75,151,151,10,151,0.0,131,1.0,107,1.0,0,314,401.46439999999967,1.9529411764705882,47,237,863
partition,warehouse,moderate,False,both,ideal,True,4,0.0,200,10,10,0,0,10,0,1.0,1.0,10,0,1.0,0,0,0,0,0,0.05968239147605816,33,68,171,171,10,171,0.0,110,1.0,96,1.0,1,230,322.5235999999998,1.7405228758169935,9,168,770
partition,warehouse,moderate,False,both,cnn,True,4,0.0,201,10,9,1,0,8,0,0.8,0.8888888888888888,12,1,0.6666666666666666,4,3,1,0,1,0.6273794747752921,9,93,,,8,,0.0,131,1.0,111,1.0,0,265,397.77209999999974,1.7388999337309476,52,196,793
partition,warehouse,moderate,False,both,thermal,True,4,0.0,201,10,9,1,0,9,0,0.9,1.0,11,0,0.8181818181818182,2,0,0,0,0,0.6339706940711678,20,85,,146,9,,0.0,121,1.0,104,1.0,0,346,500.2986999999996,1.831013916500994,46,212,746
partition,warehouse,moderate,False,both,fusion,True,4,0.0,201,10,9,1,0,9,0,0.9,1.0,11,2,0.7272727272727273,3,1,0,0,0,0.7008894758848078,9,118,,187,9,,0.0,138,1.0,114,1.0,0,289,415.8430999999997,1.7495029821073558,41,162,837
partition,warehouse,moderate,False,both,ideal,True,4,0.0,201,10,9,1,0,9,0,0.9,1.0,9,0,1.0,0,0,0,0,0,0.05838962101703977,11,69,,114,9,,0.0,114,1.0,80,1.0,0,184,334.25139999999976,1.690523525513585,9,126,680
partition,warehouse,moderate,False,both,cnn,True,4,0.0,202,10,9,1,2,7,0,0.7,0.7777777777777778,11,1,0.6363636363636364,4,2,2,0,0,0.46117787689546885,25,93,,,7,,0.0,128,1.0,115,1.0,0,282,432.75729999999965,1.7795379537953795,41,170,859
partition,warehouse,moderate,False,both,thermal,True,4,0.0,202,10,9,1,2,9,2,0.9,1.0,11,0,0.8181818181818182,2,0,0,0,0,0.5147802900766024,23,71,,192,9,,0.0,157,1.0,132,1.0,1,320,528.4199999999995,1.8745874587458746,66,341,897
partition,warehouse,moderate,False,both,fusion,True,4,0.0,202,10,9,1,2,9,2,0.9,1.0,11,3,0.8181818181818182,2,2,0,0,0,0.6065883240859115,25,45,,131,9,,0.0,153,1.0,136,1.0,0,293,427.9140999999996,1.8825082508250826,52,255,847
partition,warehouse,moderate,False,both,ideal,True,4,0.0,202,10,9,1,2,9,2,0.9,1.0,9,0,1.0,0,0,0,0,0,0.04998988222809834,20,31,,121,9,,0.0,106,1.0,87,1.0,1,227,343.83719999999977,1.7234323432343235,6,169,706
partition,warehouse,moderate,False,both,cnn,True,4,0.0,203,10,9,1,0,9,0,0.9,1.0,13,0,0.6923076923076923,4,2,2,0,0,0.4245368029551655,15,59,,191,9,,0.0024154589371980675,113,1.0,97,1.0,0,251,370.18629999999973,1.636959370904325,41,164,747
partition,warehouse,moderate,False,both,thermal,True,4,0.0,203,10,9,1,0,9,0,0.9,1.0,11,2,0.8181818181818182,2,2,0,0,0,0.44038683726925826,15,55,,123,9,,0.0,114,1.0,86,1.0,0,310,427.52949999999976,1.7496723460026213,45,215,788
partition,warehouse,moderate,False,both,fusion,True,4,0.0,203,10,9,1,0,9,0,0.9,1.0,12,1,0.75,3,1,1,0,0,0.447281815785165,12,59,,91,9,,0.0,110,1.0,71,1.0,0,306,376.9288999999997,1.6972477064220184,36,137,735
partition,warehouse,moderate,False,both,ideal,True,4,0.0,203,10,9,1,0,9,0,0.9,1.0,9,0,1.0,0,0,0,0,0,0.05026705284608281,12,37,,81,9,,0.0,84,1.0,71,1.0,0,236,327.0087999999998,1.6402359108781128,5,168,663
coordinated,office,moderate,False,both,cnn,True,4,0.0,200,10,10,0,0,9,0,0.9,0.9,12,0,0.75,3,2,1,0,0,0.47805440769971597,3,45,,,9,,0.09585798816568047,204,1.0,192,1.0,0,417,719.1329999999995,2.648888888888889,65,421,1047
coordinated,office,moderate,False,both,thermal,True,4,0.0,200,10,10,0,0,10,0,1.0,1.0,16,1,0.625,6,3,0,0,0,0.5308521458659164,3,39,263,263,10,263,0.0462046204620462,243,1.0,223,1.0,0,437,787.6802999999993,2.8762962962962964,91,571,1018
coordinated,office,moderate,False,both,fusion,True,4,0.0,200,10,10,0,0,9,0,0.9,0.9,10,2,0.9,1,0,0,0,0,0.5100052159101136,3,53,,,9,,0.1023142509135201,182,1.0,173,1.0,0,411,655.2187999999995,2.6103703703703705,79,473,1033
coordinated,office,moderate,False,both,ideal,True,4,0.0,200,10,10,0,0,10,0,1.0,1.0,10,0,1.0,0,0,0,0,0,0.0349897729145583,3,36,167,167,10,167,0.07666098807495741,183,1.0,158,1.0,0,321,618.4051999999995,2.8214814814814817,11,427,939
coordinated,office,moderate,False,both,cnn,True,4,0.0,201,10,9,1,0,7,0,0.7,0.7777777777777778,10,3,0.7,3,2,1,0,0,0.5006834309453885,16,79,,,9,,0.2097902097902098,141,1.0,103,1.0,0,388,715.4258999999995,3.120426829268293,53,320,933
coordinated,office,moderate,False,both,thermal,True,4,0.0,201,10,9,1,0,9,0,0.9,1.0,11,2,0.7272727272727273,3,3,0,0,0,0.3056880183309825,13,68,,227,9,,0.06408706166868199,252,1.0,188,1.0,0,378,669.0323999999995,2.6501524390243905,59,480,995
coordinated,office,moderate,False,both,fusion,True,4,0.0,201,10,9,1,0,7,0,0.7,0.7777777777777778,8,5,0.875,1,1,0,0,0,0.41176501103622776,15,75,,,9,,0.06784968684759916,139,1.0,123,1.0,0,383,657.6684999999995,2.5,42,378,893
coordinated,office,moderate,False,both,ideal,True,4,0.0,201,10,9,1,0,9,0,0.9,1.0,9,0,1.0,0,0,0,0,0,0.034207257596154665,11,40,,101,9,,0.1156412157153447,148,1.0,96,1.0,0,317,600.8696999999995,2.5655487804878048,9,437,924
coordinated,office,moderate,False,both,cnn,True,4,0.0,202,10,9,1,2,7,0,0.7,0.7777777777777778,9,2,0.7777777777777778,2,2,0,0,0,0.49104044245579886,5,36,,,8,,0.022175290390707498,188,1.0,178,1.0,0,407,689.5737999999994,2.4996249062265568,58,365,977
coordinated,office,moderate,False,both,thermal,True,4,0.0,202,10,9,1,2,8,2,0.8,0.8888888888888888,10,2,0.8,2,1,0,0,1,0.6051607591143069,4,48,,,9,,0.14069591527987896,159,1.0,157,1.0,0,342,632.0027999999994,2.572393098274569,56,369,927
coordinated,office,moderate,False,both,fusion,True,4,0.0,202,10,9,1,2,10,2,1.0,1.1111111111111112,10,2,0.9,1,0,0,0,0,0.640713209041663,4,34,139,137,10,139,0.09283819628647215,172,1.0,152,1.0,0,373,714.2660999999994,2.694673668417104,45,389,979
coordinated,office,moderate,False,both,ideal,True,4,0.0,202,10,9,1,2,9,2,0.9,1.0,9,0,1.0,0,0,0,0,0,0.03303790922884785,5,25,,186,9,,0.07730923694779117,156,1.0,147,1.0,0,263,516.8696999999995,2.377344336084021,9,389,870
coordinated,office,moderate,False,both,cnn,True,4,0.0,203,10,9,1,0,8,0,0.8,0.8888888888888888,13,1,0.6153846153846154,5,2,3,0,0,0.43369751351860464,10,129,,,9,,0.042067307692307696,158,1.0,136,1.0,0,494,849.8222999999992,3.0532374100719424,79,405,982
coordinated,office,moderate,False,both,thermal,True,4,0.0,203,10,9,1,0,9,0,0.9,1.0,14,2,0.6428571428571429,5,2,0,0,0,0.3994717143262929,8,145,,209,9,,0.17782909930715934,151,1.0,135,1.0,0,399,756.6092999999994,2.9302158273381296,47,403,905
coordinated,office,moderate,False,both,fusion,True,4,0.0,203,10,9,1,0,9,0,0.9,1.0,12,0,0.75,3,2,1,1,1,0.47969684728806666,8,144,,235,9,,0.11857292759706191,168,1.0,159,1.0,0,415,733.0737999999993,2.758273381294964,61,456,979
coordinated,office,moderate,False,both,ideal,True,4,0.0,203,10,9,1,0,9,0,0.9,1.0,9,0,1.0,0,0,0,0,0,0.036494868805961866,11,85,,104,9,,0.062162162162162166,116,1.0,91,1.0,0,263,504.2631999999996,2.484892086330935,10,223,839
coordinated,apartments,moderate,False,both,cnn,True,4,0.0,200,10,10,0,0,9,0,0.9,0.9,10,1,0.8,2,0,2,0,0,0.6184239821940766,54,94,,,10,280,0.26227795193312436,248,1.0,246,1.0,0,469,885.0855999999992,2.86322188449848,66,319,1075
coordinated,apartments,moderate,False,both,thermal,True,4,0.0,200,10,10,0,0,10,0,1.0,1.0,15,0,0.6666666666666666,5,2,1,0,0,0.5379906598841836,24,78,246,246,10,246,0.08144329896907217,206,1.0,203,1.0,0,376,685.5678999999994,2.493161094224924,43,311,997
coordinated,apartments,moderate,False,both,fusion,True,4,0.0,200,10,10,0,0,10,0,1.0,1.0,15,2,0.6666666666666666,5,2,2,0,0,0.570572391833709,24,81,222,222,10,222,0.038502673796791446,211,1.0,207,1.0,0,360,647.0116999999995,2.4209726443768997,49,329,973
coordinated,apartments,moderate,False,both,ideal,True,4,0.0,200,10,10,0,0,10,0,1.0,1.0,10,0,1.0,0,0,0,0,0,0.035614983794088804,21,78,181,181,10,181,0.11431226765799256,171,1.0,169,1.0,0,304,592.8193999999995,2.2158054711246202,11,292,912
coordinated,apartments,moderate,False,both,cnn,True,4,0.0,201,10,9,1,0,9,0,0.9,1.0,12,0,0.75,3,1,1,0,0,0.5569457542910103,13,114,,258,9,,0.0851063829787234,149,1.0,147,1.0,0,349,606.7690999999995,2.4901065449010655,39,197,863
coordinated,apartments,moderate,False,both,thermal,True,4,0.0,201,10,9,1,0,8,0,0.8,0.8888888888888888,11,2,0.7272727272727273,3,1,0,0,0,0.5731551165474935,12,149,,,9,,0.07828655834564253,227,1.0,168,1.0,0,368,624.6477999999995,2.302130898021309,53,342,869
coordinated,apartments,moderate,False,both,fusion,True,4,0.0,201,10,9,1,0,9,0,0.9,1.0,11,0,0.8181818181818182,2,2,0,0,0,0.5638606023214775,10,102,,170,9,,0.15007012622720897,152,1.0,144,1.0,0,263,452.8578999999997,2.0722983257229832,36,245,824
coordinated,apartments,moderate,False,both,ideal,True,4,0.0,201,10,9,1,0,9,0,0.9,1.0,9,0,1.0,0,0,0,0,0,0.0642806444419915,7,94,,154,9,,0.02099737532808399,143,1.0,138,1.0,0,233,419.0087999999998,1.9421613394216133,8,266,755
coordinated,apartments,moderate,False,both,cnn,True,4,0.0,202,10,9,1,2,8,1,0.8,0.8888888888888888,12,0,0.6666666666666666,4,1,3,0,0,0.5285779861259755,18,142,,,8,,0.05069124423963134,236,1.0,225,1.0,0,541,858.2542999999995,2.781387181738367,59,309,997
coordinated,apartments,moderate,False,both,thermal,True,4,0.0,202,10,9,1,2,9,2,0.9,1.0,11,1,0.7272727272727273,3,1,0,0,0,0.5556630140491967,10,181,,298,9,,0.20641711229946524,225,1.0,201,1.0,2,410,774.4761999999994,2.920105355575066,53,310,1074
coordinated,apartments,moderate,False,both,fusion,True,4,0.0,202,10,9,1,2,9,2,0.9,1.0,11,0,0.8181818181818182,2,1,0,0,0,0.44417530195694,11,153,,255,9,,0.19261822376009227,220,1.0,205,1.0,1,375,687.5560999999996,2.784021071115013,46,258,1038
coordinated,apartments,moderate,False,both,ideal,True,4,0.0,202,10,9,1,2,9,2,0.9,1.0,9,0,1.0,0,0,0,0,0,0.023595403095511138,10,95,,206,9,,0.08239700374531835,177,1.0,176,1.0,2,319,579.3933999999997,2.4521510096575945,12,422,899
coordinated,apartments,moderate,False,both,cnn,True,4,0.0,203,10,9,1,0,9,0,0.9,1.0,12,0,0.75,3,1,2,0,0,0.5045548428063911,10,69,,224,9,,0.09919571045576407,216,1.0,210,1.0,1,321,565.6862999999996,2.336890243902439,43,263,906
coordinated,apartments,moderate,False,both,thermal,True,4,0.0,203,10,9,1,0,8,0,0.8,0.8888888888888888,10,1,0.8,2,1,0,0,0,0.674959990414946,8,95,,,8,,0.0686046511627907,209,1.0,209,1.0,0,297,545.1714999999997,2.346036585365854,30,226,921
coordinated,apartments,moderate,False,both,fusion,True,4,0.0,203,10,9,1,0,9,0,0.9,1.0,11,2,0.8181818181818182,2,1,0,0,0,0.46051287003843494,9,69,,290,9,,0.09312638580931264,262,1.0,252,1.0,0,388,692.6270999999995,2.5846036585365852,49,350,1050
coordinated,apartments,moderate,False,both,ideal,True,4,0.0,203,10,9,1,0,9,0,0.9,1.0,9,0,1.0,0,0,0,0,0,0.0449927681537906,7,54,,154,9,,0.027551020408163266,151,1.0,144,1.0,1,263,510.54429999999974,2.1059451219512195,10,287,849
coordinated,hospital,moderate,False,both,cnn,True,4,0.0,200,6,6,0,0,6,0,1.0,1.0,7,1,0.7142857142857143,2,1,0,0,0,0.8324106421654134,21,36,51,51,6,51,0.4,24,1.0,21,1.0,0,89,144.88459999999998,3.08675799086758,14,146,211
coordinated,hospital,moderate,False,both,thermal,True,4,0.0,200,6,6,0,0,6,0,1.0,1.0,6,0,1.0,0,0,0,0,0,0.6753187961237797,18,38,65,65,6,65,0.14285714285714285,34,1.0,17,1.0,0,103,164.713,3.0593607305936072,18,197,227
coordinated,hospital,moderate,False,both,fusion,True,4,0.0,200,6,6,0,0,6,0,1.0,1.0,7,1,0.8571428571428571,1,1,0,0,0,0.4309321033440079,18,39,74,74,6,74,0.33766233766233766,30,1.0,17,1.0,0,114,169.83429999999998,3.0684931506849313,19,186,215
coordinated,hospital,moderate,False,both,ideal,True,4,0.0,200,6,6,0,0,6,0,1.0,1.0,6,0,1.0,0,0,0,0,0,0.01815200173253874,10,19,34,34,6,34,0.33064516129032256,26,1.0,15,1.0,0,75,120.8846,2.7488584474885847,6,205,194
coordinated,hospital,moderate,False,both,cnn,True,4,0.0,201,10,9,1,0,9,0,0.9,1.0,16,2,0.5625,7,2,5,0,0,0.5692290544648367,19,100,,181,9,,0.1407035175879397,156,1.0,147,1.0,0,259,465.26319999999953,2.4576757532281204,51,262,882
coordinated,hospital,moderate,False,both,thermal,True,4,0.0,201,10,9,1,0,9,0,0.9,1.0,11,0,0.8181818181818182,2,2,0,0,0,0.5398953798047338,19,75,,169,9,,0.020338983050847456,143,1.0,135,1.0,0,264,498.1211999999996,2.677187948350072,42,242,819
coordinated,hospital,moderate,False,both,fusion,True,4,0.0,201,10,9,1,0,9,0,0.9,1.0,9,0,1.0,0,0,0,0,0,0.5408505434969331,19,105,,152,9,,0.1925207756232687,140,1.0,132,1.0,0,257,489.9702999999996,2.5738880918220945,33,211,825
coordinated,hospital,moderate,False,both,ideal,True,4,0.0,201,10,9,1,0,9,0,0.9,1.0,9,0,1.0,0,0,0,0,0,0.04301500135676607,23,79,,152,9,,0.02699228791773779,133,1.0,125,1.0,0,241,450.07979999999975,2.4203730272596844,12,233,753
coordinated,hospital,moderate,False,both,cnn,True,4,0.0,202,10,9,1,2,6,0,0.6,0.6666666666666666,10,1,0.6,4,2,2,0,0,0.4580363169772365,46,135,,,6,,0.13679245283018868,164,1.0,161,1.0,0,341,660.9672999999993,2.942857142857143,50,278,968
coordinated,hospital,moderate,False,both,thermal,True,4,0.0,202,10,9,1,2,9,2,0.9,1.0,12,4,0.75,3,2,0,0,0,0.5213065561156756,12,75,,320,9,,0.04617414248021108,163,1.0,137,1.0,0,388,721.7305999999993,3.0006493506493506,69,434,982
coordinated,hospital,moderate,False,both,fusion,True,4,0.0,202,10,9,1,2,8,2,0.8,0.8888888888888888,10,2,0.8,2,1,1,0,0,0.6095788946122904,22,94,,,8,,0.10646041856232939,172,1.0,143,1.0,0,371,672.8903999999995,2.8785714285714286,45,265,960
coordinated,hospital,moderate,False,both,ideal,True,4,0.0,202,10,9,1,2,9,2,0.9,1.0,9,0,1.0,0,0,0,0,0,0.04670025345715323,13,81,,142,9,,0.267318663406683,149,1.0,148,1.0,0,256,515.7069999999997,2.575974025974026,9,242,831
coordinated,hospital,moderate,False,both,cnn,True,4,0.0,203,10,9,1,0,9,0,0.9,1.0,14,0,0.6428571428571429,5,2,2,0,0,0.6813705187825465,29,82,,206,9,,0.13836477987421383,153,1.0,144,1.0,0,307,557.5264999999995,2.571520205259782,51,305,914
coordinated,hospital,moderate,False,both,thermal,True,4,0.0,203,10,9,1,0,9,0,0.9,1.0,11,3,0.8181818181818182,2,2,0,0,0,0.6652256978464454,24,77,,254,9,,0.05,134,1.0,127,1.0,0,364,667.7305999999993,2.8794098781270043,68,435,888
coordinated,hospital,moderate,False,both,fusion,True,4,0.0,203,10,9,1,0,9,0,0.9,1.0,11,2,0.8181818181818182,2,2,0,0,0,0.6301337525489004,24,69,,171,9,,0.1199400299850075,130,1.0,121,1.0,0,275,516.4051999999996,2.5837075048107763,36,264,836
coordinated,hospital,moderate,False,both,ideal,True,4,0.0,203,10,9,1,0,9,0,0.9,1.0,9,0,1.0,0,0,0,0,0,0.046103514566636555,19,82,,163,9,,0.052571428571428575,127,1.0,116,1.0,0,239,472.4140999999996,2.423348300192431,9,314,810
coordinated,school,moderate,False,both,cnn,True,4,0.0,200,10,10,0,0,10,0,1.0,1.0,13,0,0.7692307692307693,3,2,1,0,0,0.46889050099772617,10,129,238,238,10,238,0.005263157894736842,158,1.0,146,1.0,0,418,756.6210999999992,3.2447013487475913,61,379,998
coordinated,school,moderate,False,both,thermal,True,4,0.0,200,10,10,0,0,10,0,1.0,1.0,13,3,0.7692307692307693,3,2,0,0,0,0.4417254940561823,10,138,209,209,10,209,0.08892128279883382,201,1.0,176,1.0,1,394,703.6447999999992,2.9974309569685293,90,492,1111
coordinated,school,moderate,False,both,fusion,True,4,0.0,200,10,10,0,0,10,0,1.0,1.0,11,0,0.9090909090909091,1,1,0,0,0,0.41710201918195866,10,128,205,205,10,205,0.042796005706134094,166,1.0,149,1.0,0,418,772.5500999999991,3.1393705844572897,70,480,978
coordinated,school,moderate,False,both,ideal,True,4,0.0,200,10,10,0,0,10,0,1.0,1.0,10,0,1.0,0,0,0,0,0,0.028257136393207382,14,97,153,153,10,153,0.056338028169014086,140,1.0,125,1.0,0,267,515.5057999999996,2.6461143224149004,10,288,837
coordinated,school,moderate,False,both,cnn,True,4,0.0,201,10,9,1,0,9,0,0.9,1.0,12,1,0.75,3,1,1,0,0,0.4047949686491058,23,139,,210,9,,0.18401015228426396,178,1.0,170,1.0,0,430,797.1861999999992,2.6756931012250162,77,466,977
coordinated,school,moderate,False,both,thermal,True,4,0.0,201,10,9,1,0,9,0,0.9,1.0,14,2,0.6428571428571429,5,1,0,0,0,0.5648297421136212,16,78,,115,9,,0.10155148095909731,300,1.0,110,1.0,0,415,757.6802999999993,2.7859445519019985,81,607,915
coordinated,school,moderate,False,both,fusion,True,4,0.0,201,10,9,1,0,9,0,0.9,1.0,10,1,0.9,1,1,0,0,0,0.5987158773878719,16,116,,170,9,,0.07082833133253301,164,1.0,151,1.0,0,360,654.5530999999994,2.5357833655705995,71,453,920
coordinated,school,moderate,False,both,ideal,True,4,0.0,201,10,9,1,0,9,0,0.9,1.0,9,0,1.0,0,0,0,0,0,0.047228500611790084,15,101,,154,9,,0.11179361179361179,136,1.0,105,1.0,1,227,446.87859999999966,2.26434558349452,10,314,727
coordinated,school,moderate,False,both,cnn,True,4,0.0,202,10,9,1,2,7,0,0.7,0.7777777777777778,11,1,0.6363636363636364,4,2,2,0,1,0.45127581571245745,68,147,,,7,,0.04341736694677871,201,1.0,163,1.0,0,511,809.5796999999993,2.612363168061816,73,357,1150
coordinated,school,moderate,False,both,thermal,True,4,0.0,202,10,9,1,2,9,2,0.9,1.0,13,1,0.6923076923076923,4,2,0,0,0,0.411654794346805,31,135,,262,9,,0.05037313432835821,216,1.0,202,1.0,0,353,636.6181999999994,2.915003219575016,70,431,1044
coordinated,school,moderate,False,both,fusion,True,4,0.0,202,10,9,1,2,9,2,0.9,1.0,12,0,0.75,3,1,1,0,0,0.4611531791163493,47,100,,181,9,,0.10974106041923551,150,1.0,137,1.0,0,360,667.0323999999994,3.0888602704443016,60,333,938
coordinated,school,moderate,False,both,ideal,True,4,0.0,202,10,9,1,2,9,2,0.9,1.0,9,0,1.0,0,0,0,0,0,0.03845886555969138,44,86,,138,9,,0.1379605826906598,120,1.0,102,1.0,0,276,541.3341999999994,2.6400515132002575,10,235,779
coordinated,school,moderate,False,both,cnn,True,4,0.0,203,10,9,1,0,8,0,0.8,0.8888888888888888,11,1,0.7272727272727273,3,2,1,0,0,0.6250362630671347,14,127,,,8,,0.21611253196930946,131,1.0,123,1.0,0,380,688.1536999999994,2.9668789808917198,56,429,854
coordinated,school,moderate,False,both,thermal,True,4,0.0,203,10,9,1,0,9,0,0.9,1.0,12,1,0.75,3,2,1,0,0,0.5624030456127218,9,157,,170,9,,0.07649513212795549,159,1.0,134,1.0,0,341,623.7601999999994,2.7751592356687897,50,503,972
coordinated,school,moderate,False,both,fusion,True,4,0.0,203,10,9,1,0,9,0,0.9,1.0,11,1,0.8181818181818182,2,1,0,0,0,0.4859152338425998,13,137,,149,9,,0.3159173754556501,145,1.0,126,1.0,0,305,562.6684999999994,2.6414012738853505,51,437,859
coordinated,school,moderate,False,both,ideal,True,4,0.0,203,10,9,1,0,9,0,0.9,1.0,9,0,1.0,0,0,0,0,0,0.036068564672884204,20,119,,136,9,,0.1724137931034483,129,1.0,116,1.0,1,240,462.2424999999996,2.461783439490446,9,299,769
coordinated,parking,moderate,False,both,cnn,True,4,0.0,200,10,10,0,0,10,0,1.0,1.0,12,1,0.8333333333333334,2,1,1,0,0,0.5684425569744305,27,79,140,140,10,140,0.2345679012345679,153,1.0,106,1.0,0,398,694.9583999999993,3.037878787878788,98,645,943
coordinated,parking,moderate,False,both,thermal,True,4,0.0,200,10,10,0,0,10,0,1.0,1.0,15,0,0.6666666666666666,5,4,1,4,0,0.6139069880857566,28,63,246,246,10,246,0.05272727272727273,166,1.0,122,1.0,0,337,578.5530999999994,3.0661157024793386,91,634,941
coordinated,parking,moderate,False,both,fusion,True,4,0.0,200,10,10,0,0,10,0,1.0,1.0,14,1,0.7142857142857143,4,3,0,5,0,0.6527952712023412,29,56,192,192,10,192,0.0724191063174114,169,1.0,116,1.0,0,306,553.9347999999995,3.0798898071625342,60,461,939
coordinated,parking,moderate,False,both,ideal,True,4,0.0,200,10,10,0,0,10,0,1.0,1.0,10,0,1.0,0,0,0,0,0,0.03333121971901264,21,38,118,118,10,118,0.2184049079754601,95,1.0,72,1.0,0,239,456.75729999999965,2.6577134986225897,10,380,627
coordinated,parking,moderate,False,both,cnn,True,4,0.0,201,10,9,1,0,9,0,0.9,1.0,13,0,0.6923076923076923,4,1,2,0,0,0.5681375342557564,10,29,,273,9,,0.01928374655647383,214,1.0,193,1.0,0,424,752.5086999999993,3.0255905511811023,93,589,1073
coordinated,parking,moderate,False,both,thermal,True,4,0.0,201,10,9,1,0,9,0,0.9,1.0,16,3,0.5,8,5,0,4,0,0.5557487865389449,8,35,,218,9,,0.1766848816029144,164,1.0,103,1.0,0,337,599.3104999999994,2.8038057742782154,96,618,909
coordinated,parking,moderate,False,both,fusion,True,4,0.0,201,10,9,1,0,9,0,0.9,1.0,12,0,0.75,3,2,0,4,0,0.6059441503581242,7,24,,136,9,,0.21052631578947367,139,1.0,107,1.0,0,280,541.0826999999995,3.15748031496063,56,383,857
coordinated,parking,moderate,False,both,ideal,True,4,0.0,201,10,9,1,0,9,0,0.9,1.0,9,0,1.0,0,0,0,0,0,0.04590573054507821,8,25,,139,9,,0.021108179419525065,116,1.0,107,1.0,0,224,428.3223999999997,2.740813648293963,9,295,686
coordinated,parking,moderate,False,both,cnn,True,4,0.0,202,10,9,1,2,7,0,0.7,0.7777777777777778,17,1,0.4117647058823529,10,5,4,0,0,0.4445387363153191,15,68,,,7,,0.23476702508960573,233,1.0,91,1.0,0,406,729.5293999999992,3.2417871222076213,110,655,978
coordinated,parking,moderate,False,both,thermal,True,4,0.0,202,10,9,1,2,9,2,0.9,1.0,16,3,0.5625,7,4,2,2,0,0.3761373583772213,13,21,,116,9,,0.08053691275167785,105,1.0,77,1.0,0,250,466.4554999999996,2.675427069645204,69,416,750
coordinated,parking,moderate,False,both,fusion,True,4,0.0,202,10,9,1,2,9,2,0.9,1.0,14,0,0.6428571428571429,5,2,2,0,0,0.5185373144670766,12,29,,128,9,,0.04426559356136821,132,1.0,82,1.0,2,287,539.3459999999994,3.062417871222076,63,436,882
coordinated,parking,moderate,False,both,ideal,True,4,0.0,202,10,9,1,2,9,2,0.9,1.0,9,0,1.0,0,0,0,0,0,0.04393102447826878,9,22,,79,9,,0.029055690072639227,87,1.0,67,1.0,0,185,354.33719999999977,2.3968462549277265,9,322,602
coordinated,parking,moderate,False,both,cnn,True,4,0.0,203,10,9,1,0,9,0,0.9,1.0,13,2,0.6923076923076923,4,2,0,0,0,0.6690635655951345,25,100,,173,9,,0.06920415224913495,156,1.0,104,1.0,0,370,689.1417999999991,3.33968253968254,101,539,993
coordinated,parking,moderate,False,both,thermal,True,4,0.0,203,10,9,1,0,9,0,0.9,1.0,18,1,0.5,9,6,1,0,0,0.5146133409440821,22,92,,122,9,,0.05921052631578947,118,1.0,92,1.0,0,356,639.2808999999993,3.09015873015873,75,478,869
coordinated,parking,moderate,False,both,fusion,True,4,0.0,203,10,9,1,0,9,0,0.9,1.0,11,4,0.8181818181818182,2,2,0,0,0,0.535079379167248,18,81,,128,9,,0.09882005899705015,106,1.0,83,1.0,0,273,510.01169999999945,3.1365079365079365,54,320,800
coordinated,parking,moderate,False,both,ideal,True,4,0.0,203,10,9,1,0,9,0,0.9,1.0,9,0,1.0,0,0,0,0,0,0.05174100831223275,31,53,,124,9,,0.10500610500610501,70,1.0,54,1.0,0,187,378.5146999999997,2.7733333333333334,10,184,666
coordinated,warehouse,moderate,False,both,cnn,True,4,0.0,200,10,10,0,0,9,0,0.9,0.9,12,1,0.75,3,0,2,0,0,0.5755217737039899,81,129,,,9,,0.015228426395939087,163,1.0,133,1.0,1,287,502.38449999999955,2.8758169934640523,44,246,912
coordinated,warehouse,moderate,False,both,thermal,True,4,0.0,200,10,10,0,0,10,0,1.0,1.0,13,2,0.7692307692307693,3,2,0,0,0,0.5621909883367288,59,129,214,214,10,214,0.039735099337748346,154,1.0,142,1.0,0,279,514.3134999999995,2.733986928104575,63,295,962
coordinated,warehouse,moderate,False,both,fusion,True,4,0.0,200,10,10,0,0,10,0,1.0,1.0,14,2,0.7142857142857143,4,2,0,0,0,0.5403917191002032,59,107,212,212,10,212,0.07417582417582418,146,1.0,116,1.0,0,332,605.2039999999994,2.8797385620915033,68,339,967
coordinated,warehouse,moderate,False,both,ideal,True,4,0.0,200,10,10,0,0,10,0,1.0,1.0,10,0,1.0,0,0,0,0,0,0.04481653755552107,44,84,106,106,10,106,0.10964912280701754,96,1.0,85,1.0,0,220,427.85789999999974,2.4281045751633985,10,235,709
coordinated,warehouse,moderate,False,both,cnn,True,4,0.0,201,10,9,1,0,8,0,0.8,0.8888888888888888,13,0,0.6153846153846154,5,3,2,0,0,0.7435738351712056,10,105,,,8,,0.037800687285223365,213,1.0,188,1.0,1,409,765.5796999999992,3.1749502982107356,76,332,1194
coordinated,warehouse,moderate,False,both,thermal,True,4,0.0,201,10,9,1,0,9,0,0.9,1.0,11,1,0.8181818181818182,2,0,0,0,0,0.669377008544565,10,85,,147,9,,0.02720348204570185,167,1.0,157,1.0,1,339,660.7305999999993,2.8714380384360503,51,266,1023
coordinated,warehouse,moderate,False,both,fusion,True,4,0.0,201,10,9,1,0,9,0,0.9,1.0,12,2,0.75,3,1,2,0,0,0.6617419573347696,10,88,,148,9,,0.045300113250283124,169,1.0,166,1.0,1,327,635.3666999999994,2.8986083499005963,49,259,1001
coordinated,warehouse,moderate,False,both,ideal,True,4,0.0,201,10,9,1,0,9,0,0.9,1.0,9,0,1.0,0,0,0,0,0,0.04019763914315236,11,57,,89,9,,0.0593654042988741,111,1.0,101,1.0,0,213,420.46439999999967,2.4711729622266403,9,156,788
coordinated,warehouse,moderate,False,both,cnn,True,4,0.0,202,10,9,1,2,7,0,0.7,0.7777777777777778,10,3,0.7,3,2,0,0,0,0.5074844116194898,26,100,,,7,,0.10654008438818566,200,1.0,184,1.0,1,428,815.7512999999992,3.2303630363036304,73,378,1078
coordinated,warehouse,moderate,False,both,thermal,True,4,0.0,202,10,9,1,2,8,2,0.8,0.8888888888888888,12,2,0.6666666666666666,4,3,0,0,0,0.571814124535435,24,49,,,8,,0.02514792899408284,176,1.0,142,1.0,0,296,542.2483999999995,2.5240924092409243,47,276,1020
coordinated,warehouse,moderate,False,both,fusion,True,4,0.0,202,10,9,1,2,9,2,0.9,1.0,11,2,0.8181818181818182,2,1,0,0,0,0.5159125300944873,25,46,,150,9,,0.10513141426783479,176,1.0,152,1.0,0,340,599.6122999999995,2.666006600660066,61,321,947
coordinated,warehouse,moderate,False,both,ideal,True,4,0.0,202,10,9,1,2,9,2,0.9,1.0,9,0,1.0,0,0,0,0,0,0.03444078375806946,19,47,,97,9,,0.06473594548551959,148,1.0,104,1.0,0,270,521.6773999999996,2.621782178217822,12,284,893
coordinated,warehouse,moderate,False,both,cnn,True,4,0.0,203,10,9,1,0,9,0,0.9,1.0,15,0,0.6,6,3,3,0,0,0.5345101682549013,14,105,,286,9,,0.15625,153,1.0,138,1.0,0,358,689.6092999999994,2.967889908256881,58,269,973
coordinated,warehouse,moderate,False,both,thermal,True,4,0.0,203,10,9,1,0,9,0,0.9,1.0,11,1,0.8181818181818182,2,1,1,0,0,0.40654383611885314,16,114,,304,9,,0.2162883845126836,176,1.0,164,1.0,0,357,649.9672999999993,2.764089121887287,67,319,1034
coordinated,warehouse,moderate,False,both,fusion,True,4,0.0,203,10,9,1,0,9,0,0.9,1.0,10,1,0.9,1,1,0,0,0,0.6266698209628188,27,85,,214,9,,0.13418903150525088,134,1.0,96,1.0,0,260,495.2631999999996,2.655307994757536,44,180,921
coordinated,warehouse,moderate,False,both,ideal,True,4,0.0,203,10,9,1,0,9,0,0.9,1.0,9,0,1.0,0,0,0,0,0,0.043858164012058914,10,44,,104,9,,0.08304093567251462,100,1.0,88,1.0,0,217,434.2572999999997,2.353211009174312,10,236,688
